dataset,sample.id,pen,fold,model,set.i,possible.fp,fp,possible.fn,fn,labels
107,McGill0267,1e-05,1,BINSEG,train,2,2,0,0,2
107,McGill0267,1e-05,1,BINSEG,test,3,3,2,0,3
107,McGill0267,1e-05,2,BINSEG,train,3,3,2,0,3
107,McGill0267,1e-05,2,BINSEG,test,2,2,0,0,2
107,McGill0267,3.16227766016838e-05,1,BINSEG,train,2,2,0,0,2
107,McGill0267,3.16227766016838e-05,1,BINSEG,test,3,3,2,0,3
107,McGill0267,3.16227766016838e-05,2,BINSEG,train,3,3,2,0,3
107,McGill0267,3.16227766016838e-05,2,BINSEG,test,2,2,0,0,2
107,McGill0267,1e-04,1,BINSEG,train,2,2,0,0,2
107,McGill0267,1e-04,1,BINSEG,test,3,3,2,0,3
107,McGill0267,1e-04,2,BINSEG,train,3,3,2,0,3
107,McGill0267,1e-04,2,BINSEG,test,2,2,0,0,2
107,McGill0267,0.000316227766016838,1,BINSEG,train,2,2,0,0,2
107,McGill0267,0.000316227766016838,1,BINSEG,test,3,3,2,0,3
107,McGill0267,0.000316227766016838,2,BINSEG,train,3,3,2,0,3
107,McGill0267,0.000316227766016838,2,BINSEG,test,2,2,0,0,2
107,McGill0267,0.001,1,BINSEG,train,2,2,0,0,2
107,McGill0267,0.001,1,BINSEG,test,3,3,2,0,3
107,McGill0267,0.001,2,BINSEG,train,3,3,2,0,3
107,McGill0267,0.001,2,BINSEG,test,2,2,0,0,2
107,McGill0267,0.00316227766016838,1,BINSEG,train,2,2,0,0,2
107,McGill0267,0.00316227766016838,1,BINSEG,test,3,3,2,0,3
107,McGill0267,0.00316227766016838,2,BINSEG,train,3,3,2,0,3
107,McGill0267,0.00316227766016838,2,BINSEG,test,2,2,0,0,2
107,McGill0267,0.01,1,BINSEG,train,2,2,0,0,2
107,McGill0267,0.01,1,BINSEG,test,3,3,2,0,3
107,McGill0267,0.01,2,BINSEG,train,3,3,2,0,3
107,McGill0267,0.01,2,BINSEG,test,2,2,0,0,2
107,McGill0267,0.0316227766016838,1,BINSEG,train,2,2,0,0,2
107,McGill0267,0.0316227766016838,1,BINSEG,test,3,3,2,0,3
107,McGill0267,0.0316227766016838,2,BINSEG,train,3,3,2,0,3
107,McGill0267,0.0316227766016838,2,BINSEG,test,2,2,0,0,2
107,McGill0267,0.1,1,BINSEG,train,2,2,0,0,2
107,McGill0267,0.1,1,BINSEG,test,3,3,2,0,3
107,McGill0267,0.1,2,BINSEG,train,3,3,2,0,3
107,McGill0267,0.1,2,BINSEG,test,2,2,0,0,2
107,McGill0267,0.316227766016838,1,BINSEG,train,2,2,0,0,2
107,McGill0267,0.316227766016838,1,BINSEG,test,3,3,2,0,3
107,McGill0267,0.316227766016838,2,BINSEG,train,3,3,2,0,3
107,McGill0267,0.316227766016838,2,BINSEG,test,2,2,0,0,2
107,McGill0267,1,1,BINSEG,train,2,2,0,0,2
107,McGill0267,1,1,BINSEG,test,3,3,2,0,3
107,McGill0267,1,2,BINSEG,train,3,3,2,0,3
107,McGill0267,1,2,BINSEG,test,2,2,0,0,2
107,McGill0267,3.16227766016838,1,BINSEG,train,2,2,0,0,2
107,McGill0267,3.16227766016838,1,BINSEG,test,3,3,2,0,3
107,McGill0267,3.16227766016838,2,BINSEG,train,3,3,2,0,3
107,McGill0267,3.16227766016838,2,BINSEG,test,2,2,0,0,2
107,McGill0267,10,1,BINSEG,train,2,2,0,0,2
107,McGill0267,10,1,BINSEG,test,3,3,2,0,3
107,McGill0267,10,2,BINSEG,train,3,3,2,0,3
107,McGill0267,10,2,BINSEG,test,2,2,0,0,2
107,McGill0267,31.6227766016838,1,BINSEG,train,2,2,0,0,2
107,McGill0267,31.6227766016838,1,BINSEG,test,3,3,2,0,3
107,McGill0267,31.6227766016838,2,BINSEG,train,3,3,2,0,3
107,McGill0267,31.6227766016838,2,BINSEG,test,2,2,0,0,2
107,McGill0267,100,1,BINSEG,train,2,2,0,0,2
107,McGill0267,100,1,BINSEG,test,3,3,2,0,3
107,McGill0267,100,2,BINSEG,train,3,3,2,0,3
107,McGill0267,100,2,BINSEG,test,2,2,0,0,2
107,McGill0267,316.227766016838,1,BINSEG,train,2,0,0,0,2
107,McGill0267,316.227766016838,1,BINSEG,test,3,1,2,1,3
107,McGill0267,316.227766016838,2,BINSEG,train,3,1,2,1,3
107,McGill0267,316.227766016838,2,BINSEG,test,2,0,0,0,2
107,McGill0267,1000,1,BINSEG,train,2,0,0,0,2
107,McGill0267,1000,1,BINSEG,test,3,1,2,0,3
107,McGill0267,1000,2,BINSEG,train,3,1,2,0,3
107,McGill0267,1000,2,BINSEG,test,2,0,0,0,2
107,McGill0267,3162.27766016838,1,BINSEG,train,2,0,0,0,2
107,McGill0267,3162.27766016838,1,BINSEG,test,3,0,2,2,3
107,McGill0267,3162.27766016838,2,BINSEG,train,3,0,2,2,3
107,McGill0267,3162.27766016838,2,BINSEG,test,2,0,0,0,2
107,McGill0267,10000,1,BINSEG,train,2,0,0,0,2
107,McGill0267,10000,1,BINSEG,test,3,0,2,2,3
107,McGill0267,10000,2,BINSEG,train,3,0,2,2,3
107,McGill0267,10000,2,BINSEG,test,2,0,0,0,2
107,McGill0267,31622.7766016838,1,BINSEG,train,2,0,0,0,2
107,McGill0267,31622.7766016838,1,BINSEG,test,3,0,2,2,3
107,McGill0267,31622.7766016838,2,BINSEG,train,3,0,2,2,3
107,McGill0267,31622.7766016838,2,BINSEG,test,2,0,0,0,2
107,McGill0267,1e+05,1,BINSEG,train,2,0,0,0,2
107,McGill0267,1e+05,1,BINSEG,test,3,0,2,2,3
107,McGill0267,1e+05,2,BINSEG,train,3,0,2,2,3
107,McGill0267,1e+05,2,BINSEG,test,2,0,0,0,2
