dataset,sample.id,pen,fold,model,set.i,possible.fp,fp,possible.fn,fn,labels
119,McGill0005,1e-05,1,BINSEG,train,2,2,1,0,2
119,McGill0005,1e-05,1,BINSEG,test,2,2,1,0,2
119,McGill0005,1e-05,2,BINSEG,train,2,2,1,0,2
119,McGill0005,1e-05,2,BINSEG,test,2,2,1,0,2
119,McGill0005,3.16227766016838e-05,1,BINSEG,train,2,2,1,0,2
119,McGill0005,3.16227766016838e-05,1,BINSEG,test,2,2,1,0,2
119,McGill0005,3.16227766016838e-05,2,BINSEG,train,2,2,1,0,2
119,McGill0005,3.16227766016838e-05,2,BINSEG,test,2,2,1,0,2
119,McGill0005,1e-04,1,BINSEG,train,2,2,1,0,2
119,McGill0005,1e-04,1,BINSEG,test,2,2,1,0,2
119,McGill0005,1e-04,2,BINSEG,train,2,2,1,0,2
119,McGill0005,1e-04,2,BINSEG,test,2,2,1,0,2
119,McGill0005,0.000316227766016838,1,BINSEG,train,2,2,1,0,2
119,McGill0005,0.000316227766016838,1,BINSEG,test,2,2,1,0,2
119,McGill0005,0.000316227766016838,2,BINSEG,train,2,2,1,0,2
119,McGill0005,0.000316227766016838,2,BINSEG,test,2,2,1,0,2
119,McGill0005,0.001,1,BINSEG,train,2,2,1,0,2
119,McGill0005,0.001,1,BINSEG,test,2,2,1,0,2
119,McGill0005,0.001,2,BINSEG,train,2,2,1,0,2
119,McGill0005,0.001,2,BINSEG,test,2,2,1,0,2
119,McGill0005,0.00316227766016838,1,BINSEG,train,2,2,1,0,2
119,McGill0005,0.00316227766016838,1,BINSEG,test,2,2,1,0,2
119,McGill0005,0.00316227766016838,2,BINSEG,train,2,2,1,0,2
119,McGill0005,0.00316227766016838,2,BINSEG,test,2,2,1,0,2
119,McGill0005,0.01,1,BINSEG,train,2,2,1,0,2
119,McGill0005,0.01,1,BINSEG,test,2,2,1,0,2
119,McGill0005,0.01,2,BINSEG,train,2,2,1,0,2
119,McGill0005,0.01,2,BINSEG,test,2,2,1,0,2
119,McGill0005,0.0316227766016838,1,BINSEG,train,2,2,1,0,2
119,McGill0005,0.0316227766016838,1,BINSEG,test,2,2,1,0,2
119,McGill0005,0.0316227766016838,2,BINSEG,train,2,2,1,0,2
119,McGill0005,0.0316227766016838,2,BINSEG,test,2,2,1,0,2
119,McGill0005,0.1,1,BINSEG,train,2,2,1,0,2
119,McGill0005,0.1,1,BINSEG,test,2,2,1,0,2
119,McGill0005,0.1,2,BINSEG,train,2,2,1,0,2
119,McGill0005,0.1,2,BINSEG,test,2,2,1,0,2
119,McGill0005,0.316227766016838,1,BINSEG,train,2,2,1,0,2
119,McGill0005,0.316227766016838,1,BINSEG,test,2,2,1,0,2
119,McGill0005,0.316227766016838,2,BINSEG,train,2,2,1,0,2
119,McGill0005,0.316227766016838,2,BINSEG,test,2,2,1,0,2
119,McGill0005,1,1,BINSEG,train,2,2,1,0,2
119,McGill0005,1,1,BINSEG,test,2,2,1,0,2
119,McGill0005,1,2,BINSEG,train,2,2,1,0,2
119,McGill0005,1,2,BINSEG,test,2,2,1,0,2
119,McGill0005,3.16227766016838,1,BINSEG,train,2,2,1,0,2
119,McGill0005,3.16227766016838,1,BINSEG,test,2,2,1,0,2
119,McGill0005,3.16227766016838,2,BINSEG,train,2,2,1,0,2
119,McGill0005,3.16227766016838,2,BINSEG,test,2,2,1,0,2
119,McGill0005,10,1,BINSEG,train,2,2,1,0,2
119,McGill0005,10,1,BINSEG,test,2,1,1,0,2
119,McGill0005,10,2,BINSEG,train,2,1,1,0,2
119,McGill0005,10,2,BINSEG,test,2,2,1,0,2
119,McGill0005,31.6227766016838,1,BINSEG,train,2,2,1,0,2
119,McGill0005,31.6227766016838,1,BINSEG,test,2,1,1,0,2
119,McGill0005,31.6227766016838,2,BINSEG,train,2,1,1,0,2
119,McGill0005,31.6227766016838,2,BINSEG,test,2,2,1,0,2
119,McGill0005,100,1,BINSEG,train,2,2,1,0,2
119,McGill0005,100,1,BINSEG,test,2,1,1,0,2
119,McGill0005,100,2,BINSEG,train,2,1,1,0,2
119,McGill0005,100,2,BINSEG,test,2,2,1,0,2
119,McGill0005,316.227766016838,1,BINSEG,train,2,1,1,0,2
119,McGill0005,316.227766016838,1,BINSEG,test,2,0,1,0,2
119,McGill0005,316.227766016838,2,BINSEG,train,2,0,1,0,2
119,McGill0005,316.227766016838,2,BINSEG,test,2,1,1,0,2
119,McGill0005,1000,1,BINSEG,train,2,1,1,0,2
119,McGill0005,1000,1,BINSEG,test,2,0,1,1,2
119,McGill0005,1000,2,BINSEG,train,2,0,1,1,2
119,McGill0005,1000,2,BINSEG,test,2,1,1,0,2
119,McGill0005,3162.27766016838,1,BINSEG,train,2,1,1,0,2
119,McGill0005,3162.27766016838,1,BINSEG,test,2,0,1,1,2
119,McGill0005,3162.27766016838,2,BINSEG,train,2,0,1,1,2
119,McGill0005,3162.27766016838,2,BINSEG,test,2,1,1,0,2
119,McGill0005,10000,1,BINSEG,train,2,1,1,1,2
119,McGill0005,10000,1,BINSEG,test,2,1,1,1,2
119,McGill0005,10000,2,BINSEG,train,2,1,1,1,2
119,McGill0005,10000,2,BINSEG,test,2,1,1,1,2
119,McGill0005,31622.7766016838,1,BINSEG,train,2,0,1,1,2
119,McGill0005,31622.7766016838,1,BINSEG,test,2,0,1,1,2
119,McGill0005,31622.7766016838,2,BINSEG,train,2,0,1,1,2
119,McGill0005,31622.7766016838,2,BINSEG,test,2,0,1,1,2
119,McGill0005,1e+05,1,BINSEG,train,2,0,1,1,2
119,McGill0005,1e+05,1,BINSEG,test,2,0,1,1,2
119,McGill0005,1e+05,2,BINSEG,train,2,0,1,1,2
119,McGill0005,1e+05,2,BINSEG,test,2,0,1,1,2
