dataset,sample.id,pen,fold,model,set.i,possible.fp,fp,possible.fn,fn,labels
25,McGill0008,1e-05,1,BINSEG,train,5,5,5,0,5
25,McGill0008,1e-05,1,BINSEG,test,6,6,3,0,6
25,McGill0008,1e-05,2,BINSEG,train,6,6,3,0,6
25,McGill0008,1e-05,2,BINSEG,test,5,5,5,0,5
25,McGill0008,3.16227766016838e-05,1,BINSEG,train,5,5,5,0,5
25,McGill0008,3.16227766016838e-05,1,BINSEG,test,6,6,3,0,6
25,McGill0008,3.16227766016838e-05,2,BINSEG,train,6,6,3,0,6
25,McGill0008,3.16227766016838e-05,2,BINSEG,test,5,5,5,0,5
25,McGill0008,1e-04,1,BINSEG,train,5,5,5,0,5
25,McGill0008,1e-04,1,BINSEG,test,6,6,3,0,6
25,McGill0008,1e-04,2,BINSEG,train,6,6,3,0,6
25,McGill0008,1e-04,2,BINSEG,test,5,5,5,0,5
25,McGill0008,0.000316227766016838,1,BINSEG,train,5,5,5,0,5
25,McGill0008,0.000316227766016838,1,BINSEG,test,6,6,3,0,6
25,McGill0008,0.000316227766016838,2,BINSEG,train,6,6,3,0,6
25,McGill0008,0.000316227766016838,2,BINSEG,test,5,5,5,0,5
25,McGill0008,0.001,1,BINSEG,train,5,5,5,0,5
25,McGill0008,0.001,1,BINSEG,test,6,6,3,0,6
25,McGill0008,0.001,2,BINSEG,train,6,6,3,0,6
25,McGill0008,0.001,2,BINSEG,test,5,5,5,0,5
25,McGill0008,0.00316227766016838,1,BINSEG,train,5,5,5,0,5
25,McGill0008,0.00316227766016838,1,BINSEG,test,6,6,3,0,6
25,McGill0008,0.00316227766016838,2,BINSEG,train,6,6,3,0,6
25,McGill0008,0.00316227766016838,2,BINSEG,test,5,5,5,0,5
25,McGill0008,0.01,1,BINSEG,train,5,5,5,0,5
25,McGill0008,0.01,1,BINSEG,test,6,6,3,0,6
25,McGill0008,0.01,2,BINSEG,train,6,6,3,0,6
25,McGill0008,0.01,2,BINSEG,test,5,5,5,0,5
25,McGill0008,0.0316227766016838,1,BINSEG,train,5,5,5,0,5
25,McGill0008,0.0316227766016838,1,BINSEG,test,6,6,3,0,6
25,McGill0008,0.0316227766016838,2,BINSEG,train,6,6,3,0,6
25,McGill0008,0.0316227766016838,2,BINSEG,test,5,5,5,0,5
25,McGill0008,0.1,1,BINSEG,train,5,5,5,0,5
25,McGill0008,0.1,1,BINSEG,test,6,6,3,0,6
25,McGill0008,0.1,2,BINSEG,train,6,6,3,0,6
25,McGill0008,0.1,2,BINSEG,test,5,5,5,0,5
25,McGill0008,0.316227766016838,1,BINSEG,train,5,5,5,0,5
25,McGill0008,0.316227766016838,1,BINSEG,test,6,6,3,0,6
25,McGill0008,0.316227766016838,2,BINSEG,train,6,6,3,0,6
25,McGill0008,0.316227766016838,2,BINSEG,test,5,5,5,0,5
25,McGill0008,1,1,BINSEG,train,5,5,5,0,5
25,McGill0008,1,1,BINSEG,test,6,6,3,0,6
25,McGill0008,1,2,BINSEG,train,6,6,3,0,6
25,McGill0008,1,2,BINSEG,test,5,5,5,0,5
25,McGill0008,3.16227766016838,1,BINSEG,train,5,5,5,0,5
25,McGill0008,3.16227766016838,1,BINSEG,test,6,6,3,0,6
25,McGill0008,3.16227766016838,2,BINSEG,train,6,6,3,0,6
25,McGill0008,3.16227766016838,2,BINSEG,test,5,5,5,0,5
25,McGill0008,10,1,BINSEG,train,5,5,5,0,5
25,McGill0008,10,1,BINSEG,test,6,6,3,0,6
25,McGill0008,10,2,BINSEG,train,6,6,3,0,6
25,McGill0008,10,2,BINSEG,test,5,5,5,0,5
25,McGill0008,31.6227766016838,1,BINSEG,train,5,5,5,0,5
25,McGill0008,31.6227766016838,1,BINSEG,test,6,6,3,0,6
25,McGill0008,31.6227766016838,2,BINSEG,train,6,6,3,0,6
25,McGill0008,31.6227766016838,2,BINSEG,test,5,5,5,0,5
25,McGill0008,100,1,BINSEG,train,5,5,5,0,5
25,McGill0008,100,1,BINSEG,test,6,6,3,0,6
25,McGill0008,100,2,BINSEG,train,6,6,3,0,6
25,McGill0008,100,2,BINSEG,test,5,5,5,0,5
25,McGill0008,316.227766016838,1,BINSEG,train,5,5,5,0,5
25,McGill0008,316.227766016838,1,BINSEG,test,6,6,3,0,6
25,McGill0008,316.227766016838,2,BINSEG,train,6,6,3,0,6
25,McGill0008,316.227766016838,2,BINSEG,test,5,5,5,0,5
25,McGill0008,1000,1,BINSEG,train,5,3,5,0,5
25,McGill0008,1000,1,BINSEG,test,6,1,3,1,6
25,McGill0008,1000,2,BINSEG,train,6,1,3,1,6
25,McGill0008,1000,2,BINSEG,test,5,3,5,0,5
25,McGill0008,3162.27766016838,1,BINSEG,train,5,0,5,2,5
25,McGill0008,3162.27766016838,1,BINSEG,test,6,0,3,0,6
25,McGill0008,3162.27766016838,2,BINSEG,train,6,0,3,0,6
25,McGill0008,3162.27766016838,2,BINSEG,test,5,0,5,2,5
25,McGill0008,10000,1,BINSEG,train,5,0,5,1,5
25,McGill0008,10000,1,BINSEG,test,6,0,3,0,6
25,McGill0008,10000,2,BINSEG,train,6,0,3,0,6
25,McGill0008,10000,2,BINSEG,test,5,0,5,1,5
25,McGill0008,31622.7766016838,1,BINSEG,train,5,0,5,1,5
25,McGill0008,31622.7766016838,1,BINSEG,test,6,0,3,0,6
25,McGill0008,31622.7766016838,2,BINSEG,train,6,0,3,0,6
25,McGill0008,31622.7766016838,2,BINSEG,test,5,0,5,1,5
25,McGill0008,1e+05,1,BINSEG,train,5,0,5,2,5
25,McGill0008,1e+05,1,BINSEG,test,6,3,3,3,6
25,McGill0008,1e+05,2,BINSEG,train,6,3,3,3,6
25,McGill0008,1e+05,2,BINSEG,test,5,0,5,2,5
