dataset,sample.id,pen,fold,model,set.i,possible.fp,fp,possible.fn,fn,labels
29,McGill0019,1e-05,1,BINSEG,train,3,3,3,0,3
29,McGill0019,1e-05,1,BINSEG,test,4,4,1,0,4
29,McGill0019,1e-05,2,BINSEG,train,4,4,1,0,4
29,McGill0019,1e-05,2,BINSEG,test,3,3,3,0,3
29,McGill0019,3.16227766016838e-05,1,BINSEG,train,3,3,3,0,3
29,McGill0019,3.16227766016838e-05,1,BINSEG,test,4,4,1,0,4
29,McGill0019,3.16227766016838e-05,2,BINSEG,train,4,4,1,0,4
29,McGill0019,3.16227766016838e-05,2,BINSEG,test,3,3,3,0,3
29,McGill0019,1e-04,1,BINSEG,train,3,3,3,0,3
29,McGill0019,1e-04,1,BINSEG,test,4,4,1,0,4
29,McGill0019,1e-04,2,BINSEG,train,4,4,1,0,4
29,McGill0019,1e-04,2,BINSEG,test,3,3,3,0,3
29,McGill0019,0.000316227766016838,1,BINSEG,train,3,3,3,0,3
29,McGill0019,0.000316227766016838,1,BINSEG,test,4,4,1,0,4
29,McGill0019,0.000316227766016838,2,BINSEG,train,4,4,1,0,4
29,McGill0019,0.000316227766016838,2,BINSEG,test,3,3,3,0,3
29,McGill0019,0.001,1,BINSEG,train,3,3,3,0,3
29,McGill0019,0.001,1,BINSEG,test,4,4,1,0,4
29,McGill0019,0.001,2,BINSEG,train,4,4,1,0,4
29,McGill0019,0.001,2,BINSEG,test,3,3,3,0,3
29,McGill0019,0.00316227766016838,1,BINSEG,train,3,3,3,0,3
29,McGill0019,0.00316227766016838,1,BINSEG,test,4,4,1,0,4
29,McGill0019,0.00316227766016838,2,BINSEG,train,4,4,1,0,4
29,McGill0019,0.00316227766016838,2,BINSEG,test,3,3,3,0,3
29,McGill0019,0.01,1,BINSEG,train,3,3,3,0,3
29,McGill0019,0.01,1,BINSEG,test,4,4,1,0,4
29,McGill0019,0.01,2,BINSEG,train,4,4,1,0,4
29,McGill0019,0.01,2,BINSEG,test,3,3,3,0,3
29,McGill0019,0.0316227766016838,1,BINSEG,train,3,3,3,0,3
29,McGill0019,0.0316227766016838,1,BINSEG,test,4,4,1,0,4
29,McGill0019,0.0316227766016838,2,BINSEG,train,4,4,1,0,4
29,McGill0019,0.0316227766016838,2,BINSEG,test,3,3,3,0,3
29,McGill0019,0.1,1,BINSEG,train,3,3,3,0,3
29,McGill0019,0.1,1,BINSEG,test,4,4,1,0,4
29,McGill0019,0.1,2,BINSEG,train,4,4,1,0,4
29,McGill0019,0.1,2,BINSEG,test,3,3,3,0,3
29,McGill0019,0.316227766016838,1,BINSEG,train,3,3,3,0,3
29,McGill0019,0.316227766016838,1,BINSEG,test,4,4,1,0,4
29,McGill0019,0.316227766016838,2,BINSEG,train,4,4,1,0,4
29,McGill0019,0.316227766016838,2,BINSEG,test,3,3,3,0,3
29,McGill0019,1,1,BINSEG,train,3,3,3,0,3
29,McGill0019,1,1,BINSEG,test,4,4,1,0,4
29,McGill0019,1,2,BINSEG,train,4,4,1,0,4
29,McGill0019,1,2,BINSEG,test,3,3,3,0,3
29,McGill0019,3.16227766016838,1,BINSEG,train,3,3,3,0,3
29,McGill0019,3.16227766016838,1,BINSEG,test,4,4,1,0,4
29,McGill0019,3.16227766016838,2,BINSEG,train,4,4,1,0,4
29,McGill0019,3.16227766016838,2,BINSEG,test,3,3,3,0,3
29,McGill0019,10,1,BINSEG,train,3,3,3,0,3
29,McGill0019,10,1,BINSEG,test,4,4,1,0,4
29,McGill0019,10,2,BINSEG,train,4,4,1,0,4
29,McGill0019,10,2,BINSEG,test,3,3,3,0,3
29,McGill0019,31.6227766016838,1,BINSEG,train,3,3,3,0,3
29,McGill0019,31.6227766016838,1,BINSEG,test,4,4,1,0,4
29,McGill0019,31.6227766016838,2,BINSEG,train,4,4,1,0,4
29,McGill0019,31.6227766016838,2,BINSEG,test,3,3,3,0,3
29,McGill0019,100,1,BINSEG,train,3,3,3,0,3
29,McGill0019,100,1,BINSEG,test,4,4,1,0,4
29,McGill0019,100,2,BINSEG,train,4,4,1,0,4
29,McGill0019,100,2,BINSEG,test,3,3,3,0,3
29,McGill0019,316.227766016838,1,BINSEG,train,3,3,3,0,3
29,McGill0019,316.227766016838,1,BINSEG,test,4,4,1,0,4
29,McGill0019,316.227766016838,2,BINSEG,train,4,4,1,0,4
29,McGill0019,316.227766016838,2,BINSEG,test,3,3,3,0,3
29,McGill0019,1000,1,BINSEG,train,3,1,3,1,3
29,McGill0019,1000,1,BINSEG,test,4,4,1,0,4
29,McGill0019,1000,2,BINSEG,train,4,4,1,0,4
29,McGill0019,1000,2,BINSEG,test,3,1,3,1,3
29,McGill0019,3162.27766016838,1,BINSEG,train,3,0,3,0,3
29,McGill0019,3162.27766016838,1,BINSEG,test,4,3,1,1,4
29,McGill0019,3162.27766016838,2,BINSEG,train,4,3,1,1,4
29,McGill0019,3162.27766016838,2,BINSEG,test,3,0,3,0,3
29,McGill0019,10000,1,BINSEG,train,3,0,3,0,3
29,McGill0019,10000,1,BINSEG,test,4,2,1,1,4
29,McGill0019,10000,2,BINSEG,train,4,2,1,1,4
29,McGill0019,10000,2,BINSEG,test,3,0,3,0,3
29,McGill0019,31622.7766016838,1,BINSEG,train,3,0,3,1,3
29,McGill0019,31622.7766016838,1,BINSEG,test,4,3,1,1,4
29,McGill0019,31622.7766016838,2,BINSEG,train,4,3,1,1,4
29,McGill0019,31622.7766016838,2,BINSEG,test,3,0,3,1,3
29,McGill0019,1e+05,1,BINSEG,train,3,0,3,2,3
29,McGill0019,1e+05,1,BINSEG,test,4,3,1,1,4
29,McGill0019,1e+05,2,BINSEG,train,4,3,1,1,4
29,McGill0019,1e+05,2,BINSEG,test,3,0,3,2,3
