dataset,sample.id,pen,fold,model,set.i,possible.fp,fp,possible.fn,fn,labels
30,McGill0036,1e-05,1,BINSEG,train,3,3,2,0,3
30,McGill0036,1e-05,1,BINSEG,test,4,4,2,0,4
30,McGill0036,1e-05,2,BINSEG,train,4,4,2,0,4
30,McGill0036,1e-05,2,BINSEG,test,3,3,2,0,3
30,McGill0036,3.16227766016838e-05,1,BINSEG,train,3,3,2,0,3
30,McGill0036,3.16227766016838e-05,1,BINSEG,test,4,4,2,0,4
30,McGill0036,3.16227766016838e-05,2,BINSEG,train,4,4,2,0,4
30,McGill0036,3.16227766016838e-05,2,BINSEG,test,3,3,2,0,3
30,McGill0036,1e-04,1,BINSEG,train,3,3,2,0,3
30,McGill0036,1e-04,1,BINSEG,test,4,4,2,0,4
30,McGill0036,1e-04,2,BINSEG,train,4,4,2,0,4
30,McGill0036,1e-04,2,BINSEG,test,3,3,2,0,3
30,McGill0036,0.000316227766016838,1,BINSEG,train,3,3,2,0,3
30,McGill0036,0.000316227766016838,1,BINSEG,test,4,4,2,0,4
30,McGill0036,0.000316227766016838,2,BINSEG,train,4,4,2,0,4
30,McGill0036,0.000316227766016838,2,BINSEG,test,3,3,2,0,3
30,McGill0036,0.001,1,BINSEG,train,3,3,2,0,3
30,McGill0036,0.001,1,BINSEG,test,4,4,2,0,4
30,McGill0036,0.001,2,BINSEG,train,4,4,2,0,4
30,McGill0036,0.001,2,BINSEG,test,3,3,2,0,3
30,McGill0036,0.00316227766016838,1,BINSEG,train,3,3,2,0,3
30,McGill0036,0.00316227766016838,1,BINSEG,test,4,4,2,0,4
30,McGill0036,0.00316227766016838,2,BINSEG,train,4,4,2,0,4
30,McGill0036,0.00316227766016838,2,BINSEG,test,3,3,2,0,3
30,McGill0036,0.01,1,BINSEG,train,3,3,2,0,3
30,McGill0036,0.01,1,BINSEG,test,4,4,2,0,4
30,McGill0036,0.01,2,BINSEG,train,4,4,2,0,4
30,McGill0036,0.01,2,BINSEG,test,3,3,2,0,3
30,McGill0036,0.0316227766016838,1,BINSEG,train,3,3,2,0,3
30,McGill0036,0.0316227766016838,1,BINSEG,test,4,4,2,0,4
30,McGill0036,0.0316227766016838,2,BINSEG,train,4,4,2,0,4
30,McGill0036,0.0316227766016838,2,BINSEG,test,3,3,2,0,3
30,McGill0036,0.1,1,BINSEG,train,3,3,2,0,3
30,McGill0036,0.1,1,BINSEG,test,4,4,2,0,4
30,McGill0036,0.1,2,BINSEG,train,4,4,2,0,4
30,McGill0036,0.1,2,BINSEG,test,3,3,2,0,3
30,McGill0036,0.316227766016838,1,BINSEG,train,3,3,2,0,3
30,McGill0036,0.316227766016838,1,BINSEG,test,4,4,2,0,4
30,McGill0036,0.316227766016838,2,BINSEG,train,4,4,2,0,4
30,McGill0036,0.316227766016838,2,BINSEG,test,3,3,2,0,3
30,McGill0036,1,1,BINSEG,train,3,3,2,0,3
30,McGill0036,1,1,BINSEG,test,4,4,2,0,4
30,McGill0036,1,2,BINSEG,train,4,4,2,0,4
30,McGill0036,1,2,BINSEG,test,3,3,2,0,3
30,McGill0036,3.16227766016838,1,BINSEG,train,3,3,2,0,3
30,McGill0036,3.16227766016838,1,BINSEG,test,4,4,2,0,4
30,McGill0036,3.16227766016838,2,BINSEG,train,4,4,2,0,4
30,McGill0036,3.16227766016838,2,BINSEG,test,3,3,2,0,3
30,McGill0036,10,1,BINSEG,train,3,3,2,0,3
30,McGill0036,10,1,BINSEG,test,4,4,2,0,4
30,McGill0036,10,2,BINSEG,train,4,4,2,0,4
30,McGill0036,10,2,BINSEG,test,3,3,2,0,3
30,McGill0036,31.6227766016838,1,BINSEG,train,3,3,2,0,3
30,McGill0036,31.6227766016838,1,BINSEG,test,4,4,2,0,4
30,McGill0036,31.6227766016838,2,BINSEG,train,4,4,2,0,4
30,McGill0036,31.6227766016838,2,BINSEG,test,3,3,2,0,3
30,McGill0036,100,1,BINSEG,train,3,3,2,0,3
30,McGill0036,100,1,BINSEG,test,4,4,2,0,4
30,McGill0036,100,2,BINSEG,train,4,4,2,0,4
30,McGill0036,100,2,BINSEG,test,3,3,2,0,3
30,McGill0036,316.227766016838,1,BINSEG,train,3,3,2,0,3
30,McGill0036,316.227766016838,1,BINSEG,test,4,4,2,0,4
30,McGill0036,316.227766016838,2,BINSEG,train,4,4,2,0,4
30,McGill0036,316.227766016838,2,BINSEG,test,3,3,2,0,3
30,McGill0036,1000,1,BINSEG,train,3,3,2,0,3
30,McGill0036,1000,1,BINSEG,test,4,4,2,0,4
30,McGill0036,1000,2,BINSEG,train,4,4,2,0,4
30,McGill0036,1000,2,BINSEG,test,3,3,2,0,3
30,McGill0036,3162.27766016838,1,BINSEG,train,3,1,2,1,3
30,McGill0036,3162.27766016838,1,BINSEG,test,4,0,2,0,4
30,McGill0036,3162.27766016838,2,BINSEG,train,4,0,2,0,4
30,McGill0036,3162.27766016838,2,BINSEG,test,3,1,2,1,3
30,McGill0036,10000,1,BINSEG,train,3,0,2,0,3
30,McGill0036,10000,1,BINSEG,test,4,0,2,0,4
30,McGill0036,10000,2,BINSEG,train,4,0,2,0,4
30,McGill0036,10000,2,BINSEG,test,3,0,2,0,3
30,McGill0036,31622.7766016838,1,BINSEG,train,3,0,2,0,3
30,McGill0036,31622.7766016838,1,BINSEG,test,4,0,2,0,4
30,McGill0036,31622.7766016838,2,BINSEG,train,4,0,2,0,4
30,McGill0036,31622.7766016838,2,BINSEG,test,3,0,2,0,3
30,McGill0036,1e+05,1,BINSEG,train,3,0,2,0,3
30,McGill0036,1e+05,1,BINSEG,test,4,0,2,1,4
30,McGill0036,1e+05,2,BINSEG,train,4,0,2,1,4
30,McGill0036,1e+05,2,BINSEG,test,3,0,2,0,3
