dataset,sample.id,pen,fold,model,set.i,possible.fp,fp,possible.fn,fn,labels
37,McGill0091,1e-05,1,BINSEG,train,4,4,3,0,4
37,McGill0091,1e-05,1,BINSEG,test,5,4,4,0,5
37,McGill0091,1e-05,2,BINSEG,train,5,4,4,0,5
37,McGill0091,1e-05,2,BINSEG,test,4,4,3,0,4
37,McGill0091,3.16227766016838e-05,1,BINSEG,train,4,4,3,0,4
37,McGill0091,3.16227766016838e-05,1,BINSEG,test,5,4,4,0,5
37,McGill0091,3.16227766016838e-05,2,BINSEG,train,5,4,4,0,5
37,McGill0091,3.16227766016838e-05,2,BINSEG,test,4,4,3,0,4
37,McGill0091,1e-04,1,BINSEG,train,4,4,3,0,4
37,McGill0091,1e-04,1,BINSEG,test,5,4,4,0,5
37,McGill0091,1e-04,2,BINSEG,train,5,4,4,0,5
37,McGill0091,1e-04,2,BINSEG,test,4,4,3,0,4
37,McGill0091,0.000316227766016838,1,BINSEG,train,4,4,3,0,4
37,McGill0091,0.000316227766016838,1,BINSEG,test,5,4,4,0,5
37,McGill0091,0.000316227766016838,2,BINSEG,train,5,4,4,0,5
37,McGill0091,0.000316227766016838,2,BINSEG,test,4,4,3,0,4
37,McGill0091,0.001,1,BINSEG,train,4,4,3,0,4
37,McGill0091,0.001,1,BINSEG,test,5,4,4,0,5
37,McGill0091,0.001,2,BINSEG,train,5,4,4,0,5
37,McGill0091,0.001,2,BINSEG,test,4,4,3,0,4
37,McGill0091,0.00316227766016838,1,BINSEG,train,4,4,3,0,4
37,McGill0091,0.00316227766016838,1,BINSEG,test,5,4,4,0,5
37,McGill0091,0.00316227766016838,2,BINSEG,train,5,4,4,0,5
37,McGill0091,0.00316227766016838,2,BINSEG,test,4,4,3,0,4
37,McGill0091,0.01,1,BINSEG,train,4,4,3,0,4
37,McGill0091,0.01,1,BINSEG,test,5,4,4,0,5
37,McGill0091,0.01,2,BINSEG,train,5,4,4,0,5
37,McGill0091,0.01,2,BINSEG,test,4,4,3,0,4
37,McGill0091,0.0316227766016838,1,BINSEG,train,4,4,3,0,4
37,McGill0091,0.0316227766016838,1,BINSEG,test,5,4,4,0,5
37,McGill0091,0.0316227766016838,2,BINSEG,train,5,4,4,0,5
37,McGill0091,0.0316227766016838,2,BINSEG,test,4,4,3,0,4
37,McGill0091,0.1,1,BINSEG,train,4,4,3,0,4
37,McGill0091,0.1,1,BINSEG,test,5,4,4,0,5
37,McGill0091,0.1,2,BINSEG,train,5,4,4,0,5
37,McGill0091,0.1,2,BINSEG,test,4,4,3,0,4
37,McGill0091,0.316227766016838,1,BINSEG,train,4,4,3,0,4
37,McGill0091,0.316227766016838,1,BINSEG,test,5,4,4,0,5
37,McGill0091,0.316227766016838,2,BINSEG,train,5,4,4,0,5
37,McGill0091,0.316227766016838,2,BINSEG,test,4,4,3,0,4
37,McGill0091,1,1,BINSEG,train,4,3,3,0,4
37,McGill0091,1,1,BINSEG,test,5,4,4,1,5
37,McGill0091,1,2,BINSEG,train,5,4,4,1,5
37,McGill0091,1,2,BINSEG,test,4,3,3,0,4
37,McGill0091,3.16227766016838,1,BINSEG,train,4,3,3,0,4
37,McGill0091,3.16227766016838,1,BINSEG,test,5,4,4,1,5
37,McGill0091,3.16227766016838,2,BINSEG,train,5,4,4,1,5
37,McGill0091,3.16227766016838,2,BINSEG,test,4,3,3,0,4
37,McGill0091,10,1,BINSEG,train,4,3,3,0,4
37,McGill0091,10,1,BINSEG,test,5,4,4,1,5
37,McGill0091,10,2,BINSEG,train,5,4,4,1,5
37,McGill0091,10,2,BINSEG,test,4,3,3,0,4
37,McGill0091,31.6227766016838,1,BINSEG,train,4,3,3,1,4
37,McGill0091,31.6227766016838,1,BINSEG,test,5,4,4,1,5
37,McGill0091,31.6227766016838,2,BINSEG,train,5,4,4,1,5
37,McGill0091,31.6227766016838,2,BINSEG,test,4,3,3,1,4
37,McGill0091,100,1,BINSEG,train,4,3,3,0,4
37,McGill0091,100,1,BINSEG,test,5,2,4,1,5
37,McGill0091,100,2,BINSEG,train,5,2,4,1,5
37,McGill0091,100,2,BINSEG,test,4,3,3,0,4
37,McGill0091,316.227766016838,1,BINSEG,train,4,1,3,0,4
37,McGill0091,316.227766016838,1,BINSEG,test,5,2,4,0,5
37,McGill0091,316.227766016838,2,BINSEG,train,5,2,4,0,5
37,McGill0091,316.227766016838,2,BINSEG,test,4,1,3,0,4
37,McGill0091,1000,1,BINSEG,train,4,0,3,0,4
37,McGill0091,1000,1,BINSEG,test,5,1,4,1,5
37,McGill0091,1000,2,BINSEG,train,5,1,4,1,5
37,McGill0091,1000,2,BINSEG,test,4,0,3,0,4
37,McGill0091,3162.27766016838,1,BINSEG,train,4,0,3,0,4
37,McGill0091,3162.27766016838,1,BINSEG,test,5,0,4,1,5
37,McGill0091,3162.27766016838,2,BINSEG,train,5,0,4,1,5
37,McGill0091,3162.27766016838,2,BINSEG,test,4,0,3,0,4
37,McGill0091,10000,1,BINSEG,train,4,0,3,2,4
37,McGill0091,10000,1,BINSEG,test,5,0,4,4,5
37,McGill0091,10000,2,BINSEG,train,5,0,4,4,5
37,McGill0091,10000,2,BINSEG,test,4,0,3,2,4
37,McGill0091,31622.7766016838,1,BINSEG,train,4,0,3,3,4
37,McGill0091,31622.7766016838,1,BINSEG,test,5,0,4,4,5
37,McGill0091,31622.7766016838,2,BINSEG,train,5,0,4,4,5
37,McGill0091,31622.7766016838,2,BINSEG,test,4,0,3,3,4
37,McGill0091,1e+05,1,BINSEG,train,4,0,3,3,4
37,McGill0091,1e+05,1,BINSEG,test,5,0,4,4,5
37,McGill0091,1e+05,2,BINSEG,train,5,0,4,4,5
37,McGill0091,1e+05,2,BINSEG,test,4,0,3,3,4
