dataset,sample.id,pen,fold,model,set.i,possible.fp,fp,possible.fn,fn,labels
61,McGill0058,1e-05,1,BINSEG,train,4,4,1,0,4
61,McGill0058,1e-05,1,BINSEG,test,5,5,1,0,5
61,McGill0058,1e-05,2,BINSEG,train,5,5,1,0,5
61,McGill0058,1e-05,2,BINSEG,test,4,4,1,0,4
61,McGill0058,3.16227766016838e-05,1,BINSEG,train,4,4,1,0,4
61,McGill0058,3.16227766016838e-05,1,BINSEG,test,5,5,1,0,5
61,McGill0058,3.16227766016838e-05,2,BINSEG,train,5,5,1,0,5
61,McGill0058,3.16227766016838e-05,2,BINSEG,test,4,4,1,0,4
61,McGill0058,1e-04,1,BINSEG,train,4,4,1,0,4
61,McGill0058,1e-04,1,BINSEG,test,5,5,1,0,5
61,McGill0058,1e-04,2,BINSEG,train,5,5,1,0,5
61,McGill0058,1e-04,2,BINSEG,test,4,4,1,0,4
61,McGill0058,0.000316227766016838,1,BINSEG,train,4,4,1,0,4
61,McGill0058,0.000316227766016838,1,BINSEG,test,5,5,1,0,5
61,McGill0058,0.000316227766016838,2,BINSEG,train,5,5,1,0,5
61,McGill0058,0.000316227766016838,2,BINSEG,test,4,4,1,0,4
61,McGill0058,0.001,1,BINSEG,train,4,4,1,0,4
61,McGill0058,0.001,1,BINSEG,test,5,5,1,0,5
61,McGill0058,0.001,2,BINSEG,train,5,5,1,0,5
61,McGill0058,0.001,2,BINSEG,test,4,4,1,0,4
61,McGill0058,0.00316227766016838,1,BINSEG,train,4,4,1,0,4
61,McGill0058,0.00316227766016838,1,BINSEG,test,5,5,1,0,5
61,McGill0058,0.00316227766016838,2,BINSEG,train,5,5,1,0,5
61,McGill0058,0.00316227766016838,2,BINSEG,test,4,4,1,0,4
61,McGill0058,0.01,1,BINSEG,train,4,4,1,0,4
61,McGill0058,0.01,1,BINSEG,test,5,5,1,0,5
61,McGill0058,0.01,2,BINSEG,train,5,5,1,0,5
61,McGill0058,0.01,2,BINSEG,test,4,4,1,0,4
61,McGill0058,0.0316227766016838,1,BINSEG,train,4,4,1,0,4
61,McGill0058,0.0316227766016838,1,BINSEG,test,5,5,1,0,5
61,McGill0058,0.0316227766016838,2,BINSEG,train,5,5,1,0,5
61,McGill0058,0.0316227766016838,2,BINSEG,test,4,4,1,0,4
61,McGill0058,0.1,1,BINSEG,train,4,4,1,0,4
61,McGill0058,0.1,1,BINSEG,test,5,5,1,0,5
61,McGill0058,0.1,2,BINSEG,train,5,5,1,0,5
61,McGill0058,0.1,2,BINSEG,test,4,4,1,0,4
61,McGill0058,0.316227766016838,1,BINSEG,train,4,4,1,0,4
61,McGill0058,0.316227766016838,1,BINSEG,test,5,5,1,0,5
61,McGill0058,0.316227766016838,2,BINSEG,train,5,5,1,0,5
61,McGill0058,0.316227766016838,2,BINSEG,test,4,4,1,0,4
61,McGill0058,1,1,BINSEG,train,4,4,1,0,4
61,McGill0058,1,1,BINSEG,test,5,5,1,0,5
61,McGill0058,1,2,BINSEG,train,5,5,1,0,5
61,McGill0058,1,2,BINSEG,test,4,4,1,0,4
61,McGill0058,3.16227766016838,1,BINSEG,train,4,4,1,0,4
61,McGill0058,3.16227766016838,1,BINSEG,test,5,5,1,0,5
61,McGill0058,3.16227766016838,2,BINSEG,train,5,5,1,0,5
61,McGill0058,3.16227766016838,2,BINSEG,test,4,4,1,0,4
61,McGill0058,10,1,BINSEG,train,4,4,1,0,4
61,McGill0058,10,1,BINSEG,test,5,5,1,0,5
61,McGill0058,10,2,BINSEG,train,5,5,1,0,5
61,McGill0058,10,2,BINSEG,test,4,4,1,0,4
61,McGill0058,31.6227766016838,1,BINSEG,train,4,4,1,0,4
61,McGill0058,31.6227766016838,1,BINSEG,test,5,5,1,0,5
61,McGill0058,31.6227766016838,2,BINSEG,train,5,5,1,0,5
61,McGill0058,31.6227766016838,2,BINSEG,test,4,4,1,0,4
61,McGill0058,100,1,BINSEG,train,4,4,1,0,4
61,McGill0058,100,1,BINSEG,test,5,5,1,0,5
61,McGill0058,100,2,BINSEG,train,5,5,1,0,5
61,McGill0058,100,2,BINSEG,test,4,4,1,0,4
61,McGill0058,316.227766016838,1,BINSEG,train,4,3,1,0,4
61,McGill0058,316.227766016838,1,BINSEG,test,5,5,1,0,5
61,McGill0058,316.227766016838,2,BINSEG,train,5,5,1,0,5
61,McGill0058,316.227766016838,2,BINSEG,test,4,3,1,0,4
61,McGill0058,1000,1,BINSEG,train,4,2,1,0,4
61,McGill0058,1000,1,BINSEG,test,5,2,1,0,5
61,McGill0058,1000,2,BINSEG,train,5,2,1,0,5
61,McGill0058,1000,2,BINSEG,test,4,2,1,0,4
61,McGill0058,3162.27766016838,1,BINSEG,train,4,0,1,1,4
61,McGill0058,3162.27766016838,1,BINSEG,test,5,0,1,0,5
61,McGill0058,3162.27766016838,2,BINSEG,train,5,0,1,0,5
61,McGill0058,3162.27766016838,2,BINSEG,test,4,0,1,1,4
61,McGill0058,10000,1,BINSEG,train,4,0,1,1,4
61,McGill0058,10000,1,BINSEG,test,5,0,1,0,5
61,McGill0058,10000,2,BINSEG,train,5,0,1,0,5
61,McGill0058,10000,2,BINSEG,test,4,0,1,1,4
61,McGill0058,31622.7766016838,1,BINSEG,train,4,0,1,1,4
61,McGill0058,31622.7766016838,1,BINSEG,test,5,0,1,0,5
61,McGill0058,31622.7766016838,2,BINSEG,train,5,0,1,0,5
61,McGill0058,31622.7766016838,2,BINSEG,test,4,0,1,1,4
61,McGill0058,1e+05,1,BINSEG,train,4,0,1,1,4
61,McGill0058,1e+05,1,BINSEG,test,5,0,1,1,5
61,McGill0058,1e+05,2,BINSEG,train,5,0,1,1,5
61,McGill0058,1e+05,2,BINSEG,test,4,0,1,1,4
