dataset,sample.id,pen,fold,model,set.i,possible.fp,fp,possible.fn,fn,labels
63,McGill0001,1e-05,1,BINSEG,train,2,2,1,0,2
63,McGill0001,1e-05,1,BINSEG,test,3,3,3,0,3
63,McGill0001,1e-05,2,BINSEG,train,3,3,3,0,3
63,McGill0001,1e-05,2,BINSEG,test,2,2,1,0,2
63,McGill0001,3.16227766016838e-05,1,BINSEG,train,2,2,1,0,2
63,McGill0001,3.16227766016838e-05,1,BINSEG,test,3,3,3,0,3
63,McGill0001,3.16227766016838e-05,2,BINSEG,train,3,3,3,0,3
63,McGill0001,3.16227766016838e-05,2,BINSEG,test,2,2,1,0,2
63,McGill0001,1e-04,1,BINSEG,train,2,2,1,0,2
63,McGill0001,1e-04,1,BINSEG,test,3,3,3,0,3
63,McGill0001,1e-04,2,BINSEG,train,3,3,3,0,3
63,McGill0001,1e-04,2,BINSEG,test,2,2,1,0,2
63,McGill0001,0.000316227766016838,1,BINSEG,train,2,2,1,0,2
63,McGill0001,0.000316227766016838,1,BINSEG,test,3,3,3,0,3
63,McGill0001,0.000316227766016838,2,BINSEG,train,3,3,3,0,3
63,McGill0001,0.000316227766016838,2,BINSEG,test,2,2,1,0,2
63,McGill0001,0.001,1,BINSEG,train,2,2,1,0,2
63,McGill0001,0.001,1,BINSEG,test,3,3,3,0,3
63,McGill0001,0.001,2,BINSEG,train,3,3,3,0,3
63,McGill0001,0.001,2,BINSEG,test,2,2,1,0,2
63,McGill0001,0.00316227766016838,1,BINSEG,train,2,2,1,0,2
63,McGill0001,0.00316227766016838,1,BINSEG,test,3,3,3,0,3
63,McGill0001,0.00316227766016838,2,BINSEG,train,3,3,3,0,3
63,McGill0001,0.00316227766016838,2,BINSEG,test,2,2,1,0,2
63,McGill0001,0.01,1,BINSEG,train,2,2,1,0,2
63,McGill0001,0.01,1,BINSEG,test,3,3,3,0,3
63,McGill0001,0.01,2,BINSEG,train,3,3,3,0,3
63,McGill0001,0.01,2,BINSEG,test,2,2,1,0,2
63,McGill0001,0.0316227766016838,1,BINSEG,train,2,2,1,0,2
63,McGill0001,0.0316227766016838,1,BINSEG,test,3,2,3,1,3
63,McGill0001,0.0316227766016838,2,BINSEG,train,3,2,3,1,3
63,McGill0001,0.0316227766016838,2,BINSEG,test,2,2,1,0,2
63,McGill0001,0.1,1,BINSEG,train,2,2,1,0,2
63,McGill0001,0.1,1,BINSEG,test,3,2,3,1,3
63,McGill0001,0.1,2,BINSEG,train,3,2,3,1,3
63,McGill0001,0.1,2,BINSEG,test,2,2,1,0,2
63,McGill0001,0.316227766016838,1,BINSEG,train,2,1,1,1,2
63,McGill0001,0.316227766016838,1,BINSEG,test,3,2,3,1,3
63,McGill0001,0.316227766016838,2,BINSEG,train,3,2,3,1,3
63,McGill0001,0.316227766016838,2,BINSEG,test,2,1,1,1,2
63,McGill0001,1,1,BINSEG,train,2,1,1,0,2
63,McGill0001,1,1,BINSEG,test,3,2,3,1,3
63,McGill0001,1,2,BINSEG,train,3,2,3,1,3
63,McGill0001,1,2,BINSEG,test,2,1,1,0,2
63,McGill0001,3.16227766016838,1,BINSEG,train,2,1,1,1,2
63,McGill0001,3.16227766016838,1,BINSEG,test,3,2,3,0,3
63,McGill0001,3.16227766016838,2,BINSEG,train,3,2,3,0,3
63,McGill0001,3.16227766016838,2,BINSEG,test,2,1,1,1,2
63,McGill0001,10,1,BINSEG,train,2,1,1,0,2
63,McGill0001,10,1,BINSEG,test,3,2,3,1,3
63,McGill0001,10,2,BINSEG,train,3,2,3,1,3
63,McGill0001,10,2,BINSEG,test,2,1,1,0,2
63,McGill0001,31.6227766016838,1,BINSEG,train,2,1,1,0,2
63,McGill0001,31.6227766016838,1,BINSEG,test,3,2,3,0,3
63,McGill0001,31.6227766016838,2,BINSEG,train,3,2,3,0,3
63,McGill0001,31.6227766016838,2,BINSEG,test,2,1,1,0,2
63,McGill0001,100,1,BINSEG,train,2,1,1,0,2
63,McGill0001,100,1,BINSEG,test,3,2,3,0,3
63,McGill0001,100,2,BINSEG,train,3,2,3,0,3
63,McGill0001,100,2,BINSEG,test,2,1,1,0,2
63,McGill0001,316.227766016838,1,BINSEG,train,2,1,1,0,2
63,McGill0001,316.227766016838,1,BINSEG,test,3,1,3,0,3
63,McGill0001,316.227766016838,2,BINSEG,train,3,1,3,0,3
63,McGill0001,316.227766016838,2,BINSEG,test,2,1,1,0,2
63,McGill0001,1000,1,BINSEG,train,2,0,1,0,2
63,McGill0001,1000,1,BINSEG,test,3,0,3,0,3
63,McGill0001,1000,2,BINSEG,train,3,0,3,0,3
63,McGill0001,1000,2,BINSEG,test,2,0,1,0,2
63,McGill0001,3162.27766016838,1,BINSEG,train,2,0,1,0,2
63,McGill0001,3162.27766016838,1,BINSEG,test,3,0,3,3,3
63,McGill0001,3162.27766016838,2,BINSEG,train,3,0,3,3,3
63,McGill0001,3162.27766016838,2,BINSEG,test,2,0,1,0,2
63,McGill0001,10000,1,BINSEG,train,2,0,1,1,2
63,McGill0001,10000,1,BINSEG,test,3,0,3,2,3
63,McGill0001,10000,2,BINSEG,train,3,0,3,2,3
63,McGill0001,10000,2,BINSEG,test,2,0,1,1,2
63,McGill0001,31622.7766016838,1,BINSEG,train,2,0,1,1,2
63,McGill0001,31622.7766016838,1,BINSEG,test,3,0,3,3,3
63,McGill0001,31622.7766016838,2,BINSEG,train,3,0,3,3,3
63,McGill0001,31622.7766016838,2,BINSEG,test,2,0,1,1,2
63,McGill0001,1e+05,1,BINSEG,train,2,0,1,1,2
63,McGill0001,1e+05,1,BINSEG,test,3,0,3,3,3
63,McGill0001,1e+05,2,BINSEG,train,3,0,3,3,3
63,McGill0001,1e+05,2,BINSEG,test,2,0,1,1,2
