dataset,sample.id,pen,fold,model,set.i,possible.fp,fp,possible.fn,fn,labels
67,McGill0101,1e-05,1,BINSEG,train,2,2,2,0,2
67,McGill0101,1e-05,1,BINSEG,test,2,2,1,0,2
67,McGill0101,1e-05,2,BINSEG,train,2,2,1,0,2
67,McGill0101,1e-05,2,BINSEG,test,2,2,2,0,2
67,McGill0101,3.16227766016838e-05,1,BINSEG,train,2,2,2,0,2
67,McGill0101,3.16227766016838e-05,1,BINSEG,test,2,2,1,0,2
67,McGill0101,3.16227766016838e-05,2,BINSEG,train,2,2,1,0,2
67,McGill0101,3.16227766016838e-05,2,BINSEG,test,2,2,2,0,2
67,McGill0101,1e-04,1,BINSEG,train,2,2,2,0,2
67,McGill0101,1e-04,1,BINSEG,test,2,2,1,0,2
67,McGill0101,1e-04,2,BINSEG,train,2,2,1,0,2
67,McGill0101,1e-04,2,BINSEG,test,2,2,2,0,2
67,McGill0101,0.000316227766016838,1,BINSEG,train,2,2,2,0,2
67,McGill0101,0.000316227766016838,1,BINSEG,test,2,2,1,0,2
67,McGill0101,0.000316227766016838,2,BINSEG,train,2,2,1,0,2
67,McGill0101,0.000316227766016838,2,BINSEG,test,2,2,2,0,2
67,McGill0101,0.001,1,BINSEG,train,2,2,2,0,2
67,McGill0101,0.001,1,BINSEG,test,2,2,1,0,2
67,McGill0101,0.001,2,BINSEG,train,2,2,1,0,2
67,McGill0101,0.001,2,BINSEG,test,2,2,2,0,2
67,McGill0101,0.00316227766016838,1,BINSEG,train,2,2,2,0,2
67,McGill0101,0.00316227766016838,1,BINSEG,test,2,2,1,0,2
67,McGill0101,0.00316227766016838,2,BINSEG,train,2,2,1,0,2
67,McGill0101,0.00316227766016838,2,BINSEG,test,2,2,2,0,2
67,McGill0101,0.01,1,BINSEG,train,2,2,2,0,2
67,McGill0101,0.01,1,BINSEG,test,2,2,1,0,2
67,McGill0101,0.01,2,BINSEG,train,2,2,1,0,2
67,McGill0101,0.01,2,BINSEG,test,2,2,2,0,2
67,McGill0101,0.0316227766016838,1,BINSEG,train,2,2,2,0,2
67,McGill0101,0.0316227766016838,1,BINSEG,test,2,2,1,0,2
67,McGill0101,0.0316227766016838,2,BINSEG,train,2,2,1,0,2
67,McGill0101,0.0316227766016838,2,BINSEG,test,2,2,2,0,2
67,McGill0101,0.1,1,BINSEG,train,2,2,2,0,2
67,McGill0101,0.1,1,BINSEG,test,2,2,1,0,2
67,McGill0101,0.1,2,BINSEG,train,2,2,1,0,2
67,McGill0101,0.1,2,BINSEG,test,2,2,2,0,2
67,McGill0101,0.316227766016838,1,BINSEG,train,2,2,2,0,2
67,McGill0101,0.316227766016838,1,BINSEG,test,2,2,1,0,2
67,McGill0101,0.316227766016838,2,BINSEG,train,2,2,1,0,2
67,McGill0101,0.316227766016838,2,BINSEG,test,2,2,2,0,2
67,McGill0101,1,1,BINSEG,train,2,2,2,0,2
67,McGill0101,1,1,BINSEG,test,2,2,1,0,2
67,McGill0101,1,2,BINSEG,train,2,2,1,0,2
67,McGill0101,1,2,BINSEG,test,2,2,2,0,2
67,McGill0101,3.16227766016838,1,BINSEG,train,2,2,2,0,2
67,McGill0101,3.16227766016838,1,BINSEG,test,2,2,1,0,2
67,McGill0101,3.16227766016838,2,BINSEG,train,2,2,1,0,2
67,McGill0101,3.16227766016838,2,BINSEG,test,2,2,2,0,2
67,McGill0101,10,1,BINSEG,train,2,2,2,0,2
67,McGill0101,10,1,BINSEG,test,2,2,1,0,2
67,McGill0101,10,2,BINSEG,train,2,2,1,0,2
67,McGill0101,10,2,BINSEG,test,2,2,2,0,2
67,McGill0101,31.6227766016838,1,BINSEG,train,2,2,2,0,2
67,McGill0101,31.6227766016838,1,BINSEG,test,2,1,1,0,2
67,McGill0101,31.6227766016838,2,BINSEG,train,2,1,1,0,2
67,McGill0101,31.6227766016838,2,BINSEG,test,2,2,2,0,2
67,McGill0101,100,1,BINSEG,train,2,2,2,0,2
67,McGill0101,100,1,BINSEG,test,2,1,1,0,2
67,McGill0101,100,2,BINSEG,train,2,1,1,0,2
67,McGill0101,100,2,BINSEG,test,2,2,2,0,2
67,McGill0101,316.227766016838,1,BINSEG,train,2,2,2,0,2
67,McGill0101,316.227766016838,1,BINSEG,test,2,1,1,0,2
67,McGill0101,316.227766016838,2,BINSEG,train,2,1,1,0,2
67,McGill0101,316.227766016838,2,BINSEG,test,2,2,2,0,2
67,McGill0101,1000,1,BINSEG,train,2,1,2,0,2
67,McGill0101,1000,1,BINSEG,test,2,0,1,0,2
67,McGill0101,1000,2,BINSEG,train,2,0,1,0,2
67,McGill0101,1000,2,BINSEG,test,2,1,2,0,2
67,McGill0101,3162.27766016838,1,BINSEG,train,2,0,2,1,2
67,McGill0101,3162.27766016838,1,BINSEG,test,2,0,1,0,2
67,McGill0101,3162.27766016838,2,BINSEG,train,2,0,1,0,2
67,McGill0101,3162.27766016838,2,BINSEG,test,2,0,2,1,2
67,McGill0101,10000,1,BINSEG,train,2,0,2,1,2
67,McGill0101,10000,1,BINSEG,test,2,0,1,0,2
67,McGill0101,10000,2,BINSEG,train,2,0,1,0,2
67,McGill0101,10000,2,BINSEG,test,2,0,2,1,2
67,McGill0101,31622.7766016838,1,BINSEG,train,2,0,2,1,2
67,McGill0101,31622.7766016838,1,BINSEG,test,2,0,1,1,2
67,McGill0101,31622.7766016838,2,BINSEG,train,2,0,1,1,2
67,McGill0101,31622.7766016838,2,BINSEG,test,2,0,2,1,2
67,McGill0101,1e+05,1,BINSEG,train,2,0,2,1,2
67,McGill0101,1e+05,1,BINSEG,test,2,0,1,1,2
67,McGill0101,1e+05,2,BINSEG,train,2,0,1,1,2
67,McGill0101,1e+05,2,BINSEG,test,2,0,2,1,2
