dataset,sample.id,pen,fold,model,set.i,possible.fp,fp,possible.fn,fn,labels
69,McGill0102,1e-05,1,BINSEG,train,3,3,1,0,3
69,McGill0102,1e-05,1,BINSEG,test,4,4,2,0,4
69,McGill0102,1e-05,2,BINSEG,train,4,4,2,0,4
69,McGill0102,1e-05,2,BINSEG,test,3,3,1,0,3
69,McGill0102,3.16227766016838e-05,1,BINSEG,train,3,3,1,0,3
69,McGill0102,3.16227766016838e-05,1,BINSEG,test,4,4,2,0,4
69,McGill0102,3.16227766016838e-05,2,BINSEG,train,4,4,2,0,4
69,McGill0102,3.16227766016838e-05,2,BINSEG,test,3,3,1,0,3
69,McGill0102,1e-04,1,BINSEG,train,3,3,1,0,3
69,McGill0102,1e-04,1,BINSEG,test,4,4,2,0,4
69,McGill0102,1e-04,2,BINSEG,train,4,4,2,0,4
69,McGill0102,1e-04,2,BINSEG,test,3,3,1,0,3
69,McGill0102,0.000316227766016838,1,BINSEG,train,3,3,1,0,3
69,McGill0102,0.000316227766016838,1,BINSEG,test,4,4,2,0,4
69,McGill0102,0.000316227766016838,2,BINSEG,train,4,4,2,0,4
69,McGill0102,0.000316227766016838,2,BINSEG,test,3,3,1,0,3
69,McGill0102,0.001,1,BINSEG,train,3,3,1,0,3
69,McGill0102,0.001,1,BINSEG,test,4,4,2,0,4
69,McGill0102,0.001,2,BINSEG,train,4,4,2,0,4
69,McGill0102,0.001,2,BINSEG,test,3,3,1,0,3
69,McGill0102,0.00316227766016838,1,BINSEG,train,3,3,1,0,3
69,McGill0102,0.00316227766016838,1,BINSEG,test,4,4,2,0,4
69,McGill0102,0.00316227766016838,2,BINSEG,train,4,4,2,0,4
69,McGill0102,0.00316227766016838,2,BINSEG,test,3,3,1,0,3
69,McGill0102,0.01,1,BINSEG,train,3,3,1,0,3
69,McGill0102,0.01,1,BINSEG,test,4,4,2,0,4
69,McGill0102,0.01,2,BINSEG,train,4,4,2,0,4
69,McGill0102,0.01,2,BINSEG,test,3,3,1,0,3
69,McGill0102,0.0316227766016838,1,BINSEG,train,3,3,1,0,3
69,McGill0102,0.0316227766016838,1,BINSEG,test,4,4,2,0,4
69,McGill0102,0.0316227766016838,2,BINSEG,train,4,4,2,0,4
69,McGill0102,0.0316227766016838,2,BINSEG,test,3,3,1,0,3
69,McGill0102,0.1,1,BINSEG,train,3,3,1,0,3
69,McGill0102,0.1,1,BINSEG,test,4,4,2,0,4
69,McGill0102,0.1,2,BINSEG,train,4,4,2,0,4
69,McGill0102,0.1,2,BINSEG,test,3,3,1,0,3
69,McGill0102,0.316227766016838,1,BINSEG,train,3,3,1,0,3
69,McGill0102,0.316227766016838,1,BINSEG,test,4,4,2,0,4
69,McGill0102,0.316227766016838,2,BINSEG,train,4,4,2,0,4
69,McGill0102,0.316227766016838,2,BINSEG,test,3,3,1,0,3
69,McGill0102,1,1,BINSEG,train,3,3,1,0,3
69,McGill0102,1,1,BINSEG,test,4,4,2,0,4
69,McGill0102,1,2,BINSEG,train,4,4,2,0,4
69,McGill0102,1,2,BINSEG,test,3,3,1,0,3
69,McGill0102,3.16227766016838,1,BINSEG,train,3,3,1,0,3
69,McGill0102,3.16227766016838,1,BINSEG,test,4,4,2,0,4
69,McGill0102,3.16227766016838,2,BINSEG,train,4,4,2,0,4
69,McGill0102,3.16227766016838,2,BINSEG,test,3,3,1,0,3
69,McGill0102,10,1,BINSEG,train,3,3,1,0,3
69,McGill0102,10,1,BINSEG,test,4,4,2,0,4
69,McGill0102,10,2,BINSEG,train,4,4,2,0,4
69,McGill0102,10,2,BINSEG,test,3,3,1,0,3
69,McGill0102,31.6227766016838,1,BINSEG,train,3,3,1,0,3
69,McGill0102,31.6227766016838,1,BINSEG,test,4,4,2,0,4
69,McGill0102,31.6227766016838,2,BINSEG,train,4,4,2,0,4
69,McGill0102,31.6227766016838,2,BINSEG,test,3,3,1,0,3
69,McGill0102,100,1,BINSEG,train,3,3,1,0,3
69,McGill0102,100,1,BINSEG,test,4,4,2,0,4
69,McGill0102,100,2,BINSEG,train,4,4,2,0,4
69,McGill0102,100,2,BINSEG,test,3,3,1,0,3
69,McGill0102,316.227766016838,1,BINSEG,train,3,3,1,0,3
69,McGill0102,316.227766016838,1,BINSEG,test,4,2,2,0,4
69,McGill0102,316.227766016838,2,BINSEG,train,4,2,2,0,4
69,McGill0102,316.227766016838,2,BINSEG,test,3,3,1,0,3
69,McGill0102,1000,1,BINSEG,train,3,1,1,0,3
69,McGill0102,1000,1,BINSEG,test,4,2,2,1,4
69,McGill0102,1000,2,BINSEG,train,4,2,2,1,4
69,McGill0102,1000,2,BINSEG,test,3,1,1,0,3
69,McGill0102,3162.27766016838,1,BINSEG,train,3,1,1,0,3
69,McGill0102,3162.27766016838,1,BINSEG,test,4,2,2,0,4
69,McGill0102,3162.27766016838,2,BINSEG,train,4,2,2,0,4
69,McGill0102,3162.27766016838,2,BINSEG,test,3,1,1,0,3
69,McGill0102,10000,1,BINSEG,train,3,1,1,0,3
69,McGill0102,10000,1,BINSEG,test,4,2,2,1,4
69,McGill0102,10000,2,BINSEG,train,4,2,2,1,4
69,McGill0102,10000,2,BINSEG,test,3,1,1,0,3
69,McGill0102,31622.7766016838,1,BINSEG,train,3,2,1,1,3
69,McGill0102,31622.7766016838,1,BINSEG,test,4,2,2,1,4
69,McGill0102,31622.7766016838,2,BINSEG,train,4,2,2,1,4
69,McGill0102,31622.7766016838,2,BINSEG,test,3,2,1,1,3
69,McGill0102,1e+05,1,BINSEG,train,3,0,1,1,3
69,McGill0102,1e+05,1,BINSEG,test,4,0,2,2,4
69,McGill0102,1e+05,2,BINSEG,train,4,0,2,2,4
69,McGill0102,1e+05,2,BINSEG,test,3,0,1,1,3
