dataset,sample.id,pen,fold,model,set.i,possible.fp,fp,possible.fn,fn,labels
79,McGill0028,1e-05,1,BINSEG,train,6,6,4,0,6
79,McGill0028,1e-05,1,BINSEG,test,7,7,3,0,7
79,McGill0028,1e-05,2,BINSEG,train,7,7,3,0,7
79,McGill0028,1e-05,2,BINSEG,test,6,6,4,0,6
79,McGill0028,3.16227766016838e-05,1,BINSEG,train,6,6,4,0,6
79,McGill0028,3.16227766016838e-05,1,BINSEG,test,7,7,3,0,7
79,McGill0028,3.16227766016838e-05,2,BINSEG,train,7,7,3,0,7
79,McGill0028,3.16227766016838e-05,2,BINSEG,test,6,6,4,0,6
79,McGill0028,1e-04,1,BINSEG,train,6,6,4,0,6
79,McGill0028,1e-04,1,BINSEG,test,7,7,3,0,7
79,McGill0028,1e-04,2,BINSEG,train,7,7,3,0,7
79,McGill0028,1e-04,2,BINSEG,test,6,6,4,0,6
79,McGill0028,0.000316227766016838,1,BINSEG,train,6,6,4,0,6
79,McGill0028,0.000316227766016838,1,BINSEG,test,7,7,3,0,7
79,McGill0028,0.000316227766016838,2,BINSEG,train,7,7,3,0,7
79,McGill0028,0.000316227766016838,2,BINSEG,test,6,6,4,0,6
79,McGill0028,0.001,1,BINSEG,train,6,6,4,0,6
79,McGill0028,0.001,1,BINSEG,test,7,7,3,0,7
79,McGill0028,0.001,2,BINSEG,train,7,7,3,0,7
79,McGill0028,0.001,2,BINSEG,test,6,6,4,0,6
79,McGill0028,0.00316227766016838,1,BINSEG,train,6,6,4,0,6
79,McGill0028,0.00316227766016838,1,BINSEG,test,7,7,3,0,7
79,McGill0028,0.00316227766016838,2,BINSEG,train,7,7,3,0,7
79,McGill0028,0.00316227766016838,2,BINSEG,test,6,6,4,0,6
79,McGill0028,0.01,1,BINSEG,train,6,6,4,0,6
79,McGill0028,0.01,1,BINSEG,test,7,7,3,0,7
79,McGill0028,0.01,2,BINSEG,train,7,7,3,0,7
79,McGill0028,0.01,2,BINSEG,test,6,6,4,0,6
79,McGill0028,0.0316227766016838,1,BINSEG,train,6,6,4,0,6
79,McGill0028,0.0316227766016838,1,BINSEG,test,7,7,3,0,7
79,McGill0028,0.0316227766016838,2,BINSEG,train,7,7,3,0,7
79,McGill0028,0.0316227766016838,2,BINSEG,test,6,6,4,0,6
79,McGill0028,0.1,1,BINSEG,train,6,6,4,0,6
79,McGill0028,0.1,1,BINSEG,test,7,7,3,0,7
79,McGill0028,0.1,2,BINSEG,train,7,7,3,0,7
79,McGill0028,0.1,2,BINSEG,test,6,6,4,0,6
79,McGill0028,0.316227766016838,1,BINSEG,train,6,6,4,0,6
79,McGill0028,0.316227766016838,1,BINSEG,test,7,7,3,0,7
79,McGill0028,0.316227766016838,2,BINSEG,train,7,7,3,0,7
79,McGill0028,0.316227766016838,2,BINSEG,test,6,6,4,0,6
79,McGill0028,1,1,BINSEG,train,6,6,4,0,6
79,McGill0028,1,1,BINSEG,test,7,7,3,0,7
79,McGill0028,1,2,BINSEG,train,7,7,3,0,7
79,McGill0028,1,2,BINSEG,test,6,6,4,0,6
79,McGill0028,3.16227766016838,1,BINSEG,train,6,6,4,0,6
79,McGill0028,3.16227766016838,1,BINSEG,test,7,7,3,0,7
79,McGill0028,3.16227766016838,2,BINSEG,train,7,7,3,0,7
79,McGill0028,3.16227766016838,2,BINSEG,test,6,6,4,0,6
79,McGill0028,10,1,BINSEG,train,6,6,4,0,6
79,McGill0028,10,1,BINSEG,test,7,7,3,0,7
79,McGill0028,10,2,BINSEG,train,7,7,3,0,7
79,McGill0028,10,2,BINSEG,test,6,6,4,0,6
79,McGill0028,31.6227766016838,1,BINSEG,train,6,6,4,0,6
79,McGill0028,31.6227766016838,1,BINSEG,test,7,7,3,0,7
79,McGill0028,31.6227766016838,2,BINSEG,train,7,7,3,0,7
79,McGill0028,31.6227766016838,2,BINSEG,test,6,6,4,0,6
79,McGill0028,100,1,BINSEG,train,6,6,4,0,6
79,McGill0028,100,1,BINSEG,test,7,7,3,0,7
79,McGill0028,100,2,BINSEG,train,7,7,3,0,7
79,McGill0028,100,2,BINSEG,test,6,6,4,0,6
79,McGill0028,316.227766016838,1,BINSEG,train,6,2,4,0,6
79,McGill0028,316.227766016838,1,BINSEG,test,7,5,3,0,7
79,McGill0028,316.227766016838,2,BINSEG,train,7,5,3,0,7
79,McGill0028,316.227766016838,2,BINSEG,test,6,2,4,0,6
79,McGill0028,1000,1,BINSEG,train,6,0,4,1,6
79,McGill0028,1000,1,BINSEG,test,7,0,3,2,7
79,McGill0028,1000,2,BINSEG,train,7,0,3,2,7
79,McGill0028,1000,2,BINSEG,test,6,0,4,1,6
79,McGill0028,3162.27766016838,1,BINSEG,train,6,0,4,1,6
79,McGill0028,3162.27766016838,1,BINSEG,test,7,0,3,2,7
79,McGill0028,3162.27766016838,2,BINSEG,train,7,0,3,2,7
79,McGill0028,3162.27766016838,2,BINSEG,test,6,0,4,1,6
79,McGill0028,10000,1,BINSEG,train,6,2,4,4,6
79,McGill0028,10000,1,BINSEG,test,7,4,3,3,7
79,McGill0028,10000,2,BINSEG,train,7,4,3,3,7
79,McGill0028,10000,2,BINSEG,test,6,2,4,4,6
79,McGill0028,31622.7766016838,1,BINSEG,train,6,0,4,4,6
79,McGill0028,31622.7766016838,1,BINSEG,test,7,0,3,3,7
79,McGill0028,31622.7766016838,2,BINSEG,train,7,0,3,3,7
79,McGill0028,31622.7766016838,2,BINSEG,test,6,0,4,4,6
79,McGill0028,1e+05,1,BINSEG,train,6,0,4,4,6
79,McGill0028,1e+05,1,BINSEG,test,7,0,3,3,7
79,McGill0028,1e+05,2,BINSEG,train,7,0,3,3,7
79,McGill0028,1e+05,2,BINSEG,test,6,0,4,4,6
