dataset,sample.id,pen,fold,model,set.i,possible.fp,fp,possible.fn,fn,labels
79,McGill0106,1e-05,1,BINSEG,train,6,6,4,0,6
79,McGill0106,1e-05,1,BINSEG,test,7,7,3,0,7
79,McGill0106,1e-05,2,BINSEG,train,7,7,3,0,7
79,McGill0106,1e-05,2,BINSEG,test,6,6,4,0,6
79,McGill0106,3.16227766016838e-05,1,BINSEG,train,6,6,4,0,6
79,McGill0106,3.16227766016838e-05,1,BINSEG,test,7,7,3,0,7
79,McGill0106,3.16227766016838e-05,2,BINSEG,train,7,7,3,0,7
79,McGill0106,3.16227766016838e-05,2,BINSEG,test,6,6,4,0,6
79,McGill0106,1e-04,1,BINSEG,train,6,6,4,0,6
79,McGill0106,1e-04,1,BINSEG,test,7,7,3,0,7
79,McGill0106,1e-04,2,BINSEG,train,7,7,3,0,7
79,McGill0106,1e-04,2,BINSEG,test,6,6,4,0,6
79,McGill0106,0.000316227766016838,1,BINSEG,train,6,6,4,0,6
79,McGill0106,0.000316227766016838,1,BINSEG,test,7,7,3,0,7
79,McGill0106,0.000316227766016838,2,BINSEG,train,7,7,3,0,7
79,McGill0106,0.000316227766016838,2,BINSEG,test,6,6,4,0,6
79,McGill0106,0.001,1,BINSEG,train,6,6,4,0,6
79,McGill0106,0.001,1,BINSEG,test,7,7,3,0,7
79,McGill0106,0.001,2,BINSEG,train,7,7,3,0,7
79,McGill0106,0.001,2,BINSEG,test,6,6,4,0,6
79,McGill0106,0.00316227766016838,1,BINSEG,train,6,6,4,0,6
79,McGill0106,0.00316227766016838,1,BINSEG,test,7,7,3,0,7
79,McGill0106,0.00316227766016838,2,BINSEG,train,7,7,3,0,7
79,McGill0106,0.00316227766016838,2,BINSEG,test,6,6,4,0,6
79,McGill0106,0.01,1,BINSEG,train,6,6,4,0,6
79,McGill0106,0.01,1,BINSEG,test,7,7,3,0,7
79,McGill0106,0.01,2,BINSEG,train,7,7,3,0,7
79,McGill0106,0.01,2,BINSEG,test,6,6,4,0,6
79,McGill0106,0.0316227766016838,1,BINSEG,train,6,6,4,0,6
79,McGill0106,0.0316227766016838,1,BINSEG,test,7,7,3,0,7
79,McGill0106,0.0316227766016838,2,BINSEG,train,7,7,3,0,7
79,McGill0106,0.0316227766016838,2,BINSEG,test,6,6,4,0,6
79,McGill0106,0.1,1,BINSEG,train,6,6,4,0,6
79,McGill0106,0.1,1,BINSEG,test,7,7,3,0,7
79,McGill0106,0.1,2,BINSEG,train,7,7,3,0,7
79,McGill0106,0.1,2,BINSEG,test,6,6,4,0,6
79,McGill0106,0.316227766016838,1,BINSEG,train,6,6,4,0,6
79,McGill0106,0.316227766016838,1,BINSEG,test,7,7,3,0,7
79,McGill0106,0.316227766016838,2,BINSEG,train,7,7,3,0,7
79,McGill0106,0.316227766016838,2,BINSEG,test,6,6,4,0,6
79,McGill0106,1,1,BINSEG,train,6,6,4,0,6
79,McGill0106,1,1,BINSEG,test,7,7,3,0,7
79,McGill0106,1,2,BINSEG,train,7,7,3,0,7
79,McGill0106,1,2,BINSEG,test,6,6,4,0,6
79,McGill0106,3.16227766016838,1,BINSEG,train,6,6,4,0,6
79,McGill0106,3.16227766016838,1,BINSEG,test,7,7,3,0,7
79,McGill0106,3.16227766016838,2,BINSEG,train,7,7,3,0,7
79,McGill0106,3.16227766016838,2,BINSEG,test,6,6,4,0,6
79,McGill0106,10,1,BINSEG,train,6,6,4,0,6
79,McGill0106,10,1,BINSEG,test,7,7,3,0,7
79,McGill0106,10,2,BINSEG,train,7,7,3,0,7
79,McGill0106,10,2,BINSEG,test,6,6,4,0,6
79,McGill0106,31.6227766016838,1,BINSEG,train,6,6,4,0,6
79,McGill0106,31.6227766016838,1,BINSEG,test,7,7,3,0,7
79,McGill0106,31.6227766016838,2,BINSEG,train,7,7,3,0,7
79,McGill0106,31.6227766016838,2,BINSEG,test,6,6,4,0,6
79,McGill0106,100,1,BINSEG,train,6,6,4,0,6
79,McGill0106,100,1,BINSEG,test,7,6,3,0,7
79,McGill0106,100,2,BINSEG,train,7,6,3,0,7
79,McGill0106,100,2,BINSEG,test,6,6,4,0,6
79,McGill0106,316.227766016838,1,BINSEG,train,6,2,4,0,6
79,McGill0106,316.227766016838,1,BINSEG,test,7,5,3,1,7
79,McGill0106,316.227766016838,2,BINSEG,train,7,5,3,1,7
79,McGill0106,316.227766016838,2,BINSEG,test,6,2,4,0,6
79,McGill0106,1000,1,BINSEG,train,6,1,4,0,6
79,McGill0106,1000,1,BINSEG,test,7,3,3,0,7
79,McGill0106,1000,2,BINSEG,train,7,3,3,0,7
79,McGill0106,1000,2,BINSEG,test,6,1,4,0,6
79,McGill0106,3162.27766016838,1,BINSEG,train,6,0,4,0,6
79,McGill0106,3162.27766016838,1,BINSEG,test,7,0,3,0,7
79,McGill0106,3162.27766016838,2,BINSEG,train,7,0,3,0,7
79,McGill0106,3162.27766016838,2,BINSEG,test,6,0,4,0,6
79,McGill0106,10000,1,BINSEG,train,6,0,4,3,6
79,McGill0106,10000,1,BINSEG,test,7,0,3,0,7
79,McGill0106,10000,2,BINSEG,train,7,0,3,0,7
79,McGill0106,10000,2,BINSEG,test,6,0,4,3,6
79,McGill0106,31622.7766016838,1,BINSEG,train,6,0,4,3,6
79,McGill0106,31622.7766016838,1,BINSEG,test,7,0,3,2,7
79,McGill0106,31622.7766016838,2,BINSEG,train,7,0,3,2,7
79,McGill0106,31622.7766016838,2,BINSEG,test,6,0,4,3,6
79,McGill0106,1e+05,1,BINSEG,train,6,0,4,4,6
79,McGill0106,1e+05,1,BINSEG,test,7,0,3,3,7
79,McGill0106,1e+05,2,BINSEG,train,7,0,3,3,7
79,McGill0106,1e+05,2,BINSEG,test,6,0,4,4,6
