dataset,sample.id,pen,fold,model,set.i,possible.fp,fp,possible.fn,fn,labels
79,McGill0104,1e-05,1,BINSEG,train,6,6,4,0,6
79,McGill0104,1e-05,1,BINSEG,test,7,7,5,0,7
79,McGill0104,1e-05,2,BINSEG,train,7,7,5,0,7
79,McGill0104,1e-05,2,BINSEG,test,6,6,4,0,6
79,McGill0104,3.16227766016838e-05,1,BINSEG,train,6,6,4,0,6
79,McGill0104,3.16227766016838e-05,1,BINSEG,test,7,7,5,0,7
79,McGill0104,3.16227766016838e-05,2,BINSEG,train,7,7,5,0,7
79,McGill0104,3.16227766016838e-05,2,BINSEG,test,6,6,4,0,6
79,McGill0104,1e-04,1,BINSEG,train,6,6,4,0,6
79,McGill0104,1e-04,1,BINSEG,test,7,7,5,0,7
79,McGill0104,1e-04,2,BINSEG,train,7,7,5,0,7
79,McGill0104,1e-04,2,BINSEG,test,6,6,4,0,6
79,McGill0104,0.000316227766016838,1,BINSEG,train,6,6,4,0,6
79,McGill0104,0.000316227766016838,1,BINSEG,test,7,7,5,0,7
79,McGill0104,0.000316227766016838,2,BINSEG,train,7,7,5,0,7
79,McGill0104,0.000316227766016838,2,BINSEG,test,6,6,4,0,6
79,McGill0104,0.001,1,BINSEG,train,6,6,4,0,6
79,McGill0104,0.001,1,BINSEG,test,7,7,5,0,7
79,McGill0104,0.001,2,BINSEG,train,7,7,5,0,7
79,McGill0104,0.001,2,BINSEG,test,6,6,4,0,6
79,McGill0104,0.00316227766016838,1,BINSEG,train,6,6,4,0,6
79,McGill0104,0.00316227766016838,1,BINSEG,test,7,7,5,0,7
79,McGill0104,0.00316227766016838,2,BINSEG,train,7,7,5,0,7
79,McGill0104,0.00316227766016838,2,BINSEG,test,6,6,4,0,6
79,McGill0104,0.01,1,BINSEG,train,6,6,4,0,6
79,McGill0104,0.01,1,BINSEG,test,7,7,5,0,7
79,McGill0104,0.01,2,BINSEG,train,7,7,5,0,7
79,McGill0104,0.01,2,BINSEG,test,6,6,4,0,6
79,McGill0104,0.0316227766016838,1,BINSEG,train,6,6,4,0,6
79,McGill0104,0.0316227766016838,1,BINSEG,test,7,7,5,0,7
79,McGill0104,0.0316227766016838,2,BINSEG,train,7,7,5,0,7
79,McGill0104,0.0316227766016838,2,BINSEG,test,6,6,4,0,6
79,McGill0104,0.1,1,BINSEG,train,6,6,4,0,6
79,McGill0104,0.1,1,BINSEG,test,7,7,5,0,7
79,McGill0104,0.1,2,BINSEG,train,7,7,5,0,7
79,McGill0104,0.1,2,BINSEG,test,6,6,4,0,6
79,McGill0104,0.316227766016838,1,BINSEG,train,6,6,4,0,6
79,McGill0104,0.316227766016838,1,BINSEG,test,7,7,5,0,7
79,McGill0104,0.316227766016838,2,BINSEG,train,7,7,5,0,7
79,McGill0104,0.316227766016838,2,BINSEG,test,6,6,4,0,6
79,McGill0104,1,1,BINSEG,train,6,6,4,0,6
79,McGill0104,1,1,BINSEG,test,7,7,5,0,7
79,McGill0104,1,2,BINSEG,train,7,7,5,0,7
79,McGill0104,1,2,BINSEG,test,6,6,4,0,6
79,McGill0104,3.16227766016838,1,BINSEG,train,6,6,4,0,6
79,McGill0104,3.16227766016838,1,BINSEG,test,7,7,5,0,7
79,McGill0104,3.16227766016838,2,BINSEG,train,7,7,5,0,7
79,McGill0104,3.16227766016838,2,BINSEG,test,6,6,4,0,6
79,McGill0104,10,1,BINSEG,train,6,6,4,0,6
79,McGill0104,10,1,BINSEG,test,7,7,5,0,7
79,McGill0104,10,2,BINSEG,train,7,7,5,0,7
79,McGill0104,10,2,BINSEG,test,6,6,4,0,6
79,McGill0104,31.6227766016838,1,BINSEG,train,6,5,4,0,6
79,McGill0104,31.6227766016838,1,BINSEG,test,7,7,5,0,7
79,McGill0104,31.6227766016838,2,BINSEG,train,7,7,5,0,7
79,McGill0104,31.6227766016838,2,BINSEG,test,6,5,4,0,6
79,McGill0104,100,1,BINSEG,train,6,5,4,1,6
79,McGill0104,100,1,BINSEG,test,7,6,5,0,7
79,McGill0104,100,2,BINSEG,train,7,6,5,0,7
79,McGill0104,100,2,BINSEG,test,6,5,4,1,6
79,McGill0104,316.227766016838,1,BINSEG,train,6,2,4,1,6
79,McGill0104,316.227766016838,1,BINSEG,test,7,4,5,0,7
79,McGill0104,316.227766016838,2,BINSEG,train,7,4,5,0,7
79,McGill0104,316.227766016838,2,BINSEG,test,6,2,4,1,6
79,McGill0104,1000,1,BINSEG,train,6,0,4,1,6
79,McGill0104,1000,1,BINSEG,test,7,0,5,1,7
79,McGill0104,1000,2,BINSEG,train,7,0,5,1,7
79,McGill0104,1000,2,BINSEG,test,6,0,4,1,6
79,McGill0104,3162.27766016838,1,BINSEG,train,6,0,4,0,6
79,McGill0104,3162.27766016838,1,BINSEG,test,7,0,5,2,7
79,McGill0104,3162.27766016838,2,BINSEG,train,7,0,5,2,7
79,McGill0104,3162.27766016838,2,BINSEG,test,6,0,4,0,6
79,McGill0104,10000,1,BINSEG,train,6,0,4,1,6
79,McGill0104,10000,1,BINSEG,test,7,0,5,2,7
79,McGill0104,10000,2,BINSEG,train,7,0,5,2,7
79,McGill0104,10000,2,BINSEG,test,6,0,4,1,6
79,McGill0104,31622.7766016838,1,BINSEG,train,6,0,4,2,6
79,McGill0104,31622.7766016838,1,BINSEG,test,7,0,5,3,7
79,McGill0104,31622.7766016838,2,BINSEG,train,7,0,5,3,7
79,McGill0104,31622.7766016838,2,BINSEG,test,6,0,4,2,6
79,McGill0104,1e+05,1,BINSEG,train,6,0,4,4,6
79,McGill0104,1e+05,1,BINSEG,test,7,0,5,5,7
79,McGill0104,1e+05,2,BINSEG,train,7,0,5,5,7
79,McGill0104,1e+05,2,BINSEG,test,6,0,4,4,6
