dataset,sample.id,pen,fold,model,set.i,possible.fp,fp,possible.fn,fn,labels
79,McGill0001,1e-05,1,BINSEG,train,6,6,3,0,6
79,McGill0001,1e-05,1,BINSEG,test,7,7,6,0,7
79,McGill0001,1e-05,2,BINSEG,train,7,7,6,0,7
79,McGill0001,1e-05,2,BINSEG,test,6,6,3,0,6
79,McGill0001,3.16227766016838e-05,1,BINSEG,train,6,6,3,0,6
79,McGill0001,3.16227766016838e-05,1,BINSEG,test,7,7,6,0,7
79,McGill0001,3.16227766016838e-05,2,BINSEG,train,7,7,6,0,7
79,McGill0001,3.16227766016838e-05,2,BINSEG,test,6,6,3,0,6
79,McGill0001,1e-04,1,BINSEG,train,6,6,3,0,6
79,McGill0001,1e-04,1,BINSEG,test,7,7,6,0,7
79,McGill0001,1e-04,2,BINSEG,train,7,7,6,0,7
79,McGill0001,1e-04,2,BINSEG,test,6,6,3,0,6
79,McGill0001,0.000316227766016838,1,BINSEG,train,6,6,3,0,6
79,McGill0001,0.000316227766016838,1,BINSEG,test,7,7,6,0,7
79,McGill0001,0.000316227766016838,2,BINSEG,train,7,7,6,0,7
79,McGill0001,0.000316227766016838,2,BINSEG,test,6,6,3,0,6
79,McGill0001,0.001,1,BINSEG,train,6,6,3,0,6
79,McGill0001,0.001,1,BINSEG,test,7,7,6,0,7
79,McGill0001,0.001,2,BINSEG,train,7,7,6,0,7
79,McGill0001,0.001,2,BINSEG,test,6,6,3,0,6
79,McGill0001,0.00316227766016838,1,BINSEG,train,6,6,3,0,6
79,McGill0001,0.00316227766016838,1,BINSEG,test,7,7,6,0,7
79,McGill0001,0.00316227766016838,2,BINSEG,train,7,7,6,0,7
79,McGill0001,0.00316227766016838,2,BINSEG,test,6,6,3,0,6
79,McGill0001,0.01,1,BINSEG,train,6,6,3,0,6
79,McGill0001,0.01,1,BINSEG,test,7,7,6,0,7
79,McGill0001,0.01,2,BINSEG,train,7,7,6,0,7
79,McGill0001,0.01,2,BINSEG,test,6,6,3,0,6
79,McGill0001,0.0316227766016838,1,BINSEG,train,6,6,3,0,6
79,McGill0001,0.0316227766016838,1,BINSEG,test,7,7,6,0,7
79,McGill0001,0.0316227766016838,2,BINSEG,train,7,7,6,0,7
79,McGill0001,0.0316227766016838,2,BINSEG,test,6,6,3,0,6
79,McGill0001,0.1,1,BINSEG,train,6,6,3,0,6
79,McGill0001,0.1,1,BINSEG,test,7,7,6,0,7
79,McGill0001,0.1,2,BINSEG,train,7,7,6,0,7
79,McGill0001,0.1,2,BINSEG,test,6,6,3,0,6
79,McGill0001,0.316227766016838,1,BINSEG,train,6,6,3,0,6
79,McGill0001,0.316227766016838,1,BINSEG,test,7,7,6,0,7
79,McGill0001,0.316227766016838,2,BINSEG,train,7,7,6,0,7
79,McGill0001,0.316227766016838,2,BINSEG,test,6,6,3,0,6
79,McGill0001,1,1,BINSEG,train,6,6,3,0,6
79,McGill0001,1,1,BINSEG,test,7,7,6,0,7
79,McGill0001,1,2,BINSEG,train,7,7,6,0,7
79,McGill0001,1,2,BINSEG,test,6,6,3,0,6
79,McGill0001,3.16227766016838,1,BINSEG,train,6,6,3,0,6
79,McGill0001,3.16227766016838,1,BINSEG,test,7,7,6,0,7
79,McGill0001,3.16227766016838,2,BINSEG,train,7,7,6,0,7
79,McGill0001,3.16227766016838,2,BINSEG,test,6,6,3,0,6
79,McGill0001,10,1,BINSEG,train,6,6,3,0,6
79,McGill0001,10,1,BINSEG,test,7,7,6,0,7
79,McGill0001,10,2,BINSEG,train,7,7,6,0,7
79,McGill0001,10,2,BINSEG,test,6,6,3,0,6
79,McGill0001,31.6227766016838,1,BINSEG,train,6,5,3,1,6
79,McGill0001,31.6227766016838,1,BINSEG,test,7,6,6,0,7
79,McGill0001,31.6227766016838,2,BINSEG,train,7,6,6,0,7
79,McGill0001,31.6227766016838,2,BINSEG,test,6,5,3,1,6
79,McGill0001,100,1,BINSEG,train,6,4,3,0,6
79,McGill0001,100,1,BINSEG,test,7,5,6,0,7
79,McGill0001,100,2,BINSEG,train,7,5,6,0,7
79,McGill0001,100,2,BINSEG,test,6,4,3,0,6
79,McGill0001,316.227766016838,1,BINSEG,train,6,3,3,0,6
79,McGill0001,316.227766016838,1,BINSEG,test,7,2,6,0,7
79,McGill0001,316.227766016838,2,BINSEG,train,7,2,6,0,7
79,McGill0001,316.227766016838,2,BINSEG,test,6,3,3,0,6
79,McGill0001,1000,1,BINSEG,train,6,1,3,0,6
79,McGill0001,1000,1,BINSEG,test,7,0,6,1,7
79,McGill0001,1000,2,BINSEG,train,7,0,6,1,7
79,McGill0001,1000,2,BINSEG,test,6,1,3,0,6
79,McGill0001,3162.27766016838,1,BINSEG,train,6,0,3,0,6
79,McGill0001,3162.27766016838,1,BINSEG,test,7,0,6,1,7
79,McGill0001,3162.27766016838,2,BINSEG,train,7,0,6,1,7
79,McGill0001,3162.27766016838,2,BINSEG,test,6,0,3,0,6
79,McGill0001,10000,1,BINSEG,train,6,0,3,3,6
79,McGill0001,10000,1,BINSEG,test,7,0,6,2,7
79,McGill0001,10000,2,BINSEG,train,7,0,6,2,7
79,McGill0001,10000,2,BINSEG,test,6,0,3,3,6
79,McGill0001,31622.7766016838,1,BINSEG,train,6,3,3,3,6
79,McGill0001,31622.7766016838,1,BINSEG,test,7,1,6,6,7
79,McGill0001,31622.7766016838,2,BINSEG,train,7,1,6,6,7
79,McGill0001,31622.7766016838,2,BINSEG,test,6,3,3,3,6
79,McGill0001,1e+05,1,BINSEG,train,6,0,3,3,6
79,McGill0001,1e+05,1,BINSEG,test,7,0,6,6,7
79,McGill0001,1e+05,2,BINSEG,train,7,0,6,6,7
79,McGill0001,1e+05,2,BINSEG,test,6,0,3,3,6
