dataset,sample.id,pen,fold,model,set.i,possible.fp,fp,possible.fn,fn,labels
79,McGill0059,1e-05,1,BINSEG,train,6,6,5,0,6
79,McGill0059,1e-05,1,BINSEG,test,7,7,2,0,7
79,McGill0059,1e-05,2,BINSEG,train,7,7,2,0,7
79,McGill0059,1e-05,2,BINSEG,test,6,6,5,0,6
79,McGill0059,3.16227766016838e-05,1,BINSEG,train,6,6,5,0,6
79,McGill0059,3.16227766016838e-05,1,BINSEG,test,7,7,2,0,7
79,McGill0059,3.16227766016838e-05,2,BINSEG,train,7,7,2,0,7
79,McGill0059,3.16227766016838e-05,2,BINSEG,test,6,6,5,0,6
79,McGill0059,1e-04,1,BINSEG,train,6,6,5,0,6
79,McGill0059,1e-04,1,BINSEG,test,7,7,2,0,7
79,McGill0059,1e-04,2,BINSEG,train,7,7,2,0,7
79,McGill0059,1e-04,2,BINSEG,test,6,6,5,0,6
79,McGill0059,0.000316227766016838,1,BINSEG,train,6,6,5,0,6
79,McGill0059,0.000316227766016838,1,BINSEG,test,7,7,2,0,7
79,McGill0059,0.000316227766016838,2,BINSEG,train,7,7,2,0,7
79,McGill0059,0.000316227766016838,2,BINSEG,test,6,6,5,0,6
79,McGill0059,0.001,1,BINSEG,train,6,6,5,0,6
79,McGill0059,0.001,1,BINSEG,test,7,7,2,0,7
79,McGill0059,0.001,2,BINSEG,train,7,7,2,0,7
79,McGill0059,0.001,2,BINSEG,test,6,6,5,0,6
79,McGill0059,0.00316227766016838,1,BINSEG,train,6,6,5,0,6
79,McGill0059,0.00316227766016838,1,BINSEG,test,7,7,2,0,7
79,McGill0059,0.00316227766016838,2,BINSEG,train,7,7,2,0,7
79,McGill0059,0.00316227766016838,2,BINSEG,test,6,6,5,0,6
79,McGill0059,0.01,1,BINSEG,train,6,6,5,0,6
79,McGill0059,0.01,1,BINSEG,test,7,7,2,0,7
79,McGill0059,0.01,2,BINSEG,train,7,7,2,0,7
79,McGill0059,0.01,2,BINSEG,test,6,6,5,0,6
79,McGill0059,0.0316227766016838,1,BINSEG,train,6,6,5,0,6
79,McGill0059,0.0316227766016838,1,BINSEG,test,7,7,2,0,7
79,McGill0059,0.0316227766016838,2,BINSEG,train,7,7,2,0,7
79,McGill0059,0.0316227766016838,2,BINSEG,test,6,6,5,0,6
79,McGill0059,0.1,1,BINSEG,train,6,6,5,0,6
79,McGill0059,0.1,1,BINSEG,test,7,7,2,0,7
79,McGill0059,0.1,2,BINSEG,train,7,7,2,0,7
79,McGill0059,0.1,2,BINSEG,test,6,6,5,0,6
79,McGill0059,0.316227766016838,1,BINSEG,train,6,6,5,0,6
79,McGill0059,0.316227766016838,1,BINSEG,test,7,7,2,0,7
79,McGill0059,0.316227766016838,2,BINSEG,train,7,7,2,0,7
79,McGill0059,0.316227766016838,2,BINSEG,test,6,6,5,0,6
79,McGill0059,1,1,BINSEG,train,6,6,5,0,6
79,McGill0059,1,1,BINSEG,test,7,7,2,0,7
79,McGill0059,1,2,BINSEG,train,7,7,2,0,7
79,McGill0059,1,2,BINSEG,test,6,6,5,0,6
79,McGill0059,3.16227766016838,1,BINSEG,train,6,6,5,0,6
79,McGill0059,3.16227766016838,1,BINSEG,test,7,7,2,0,7
79,McGill0059,3.16227766016838,2,BINSEG,train,7,7,2,0,7
79,McGill0059,3.16227766016838,2,BINSEG,test,6,6,5,0,6
79,McGill0059,10,1,BINSEG,train,6,6,5,0,6
79,McGill0059,10,1,BINSEG,test,7,7,2,0,7
79,McGill0059,10,2,BINSEG,train,7,7,2,0,7
79,McGill0059,10,2,BINSEG,test,6,6,5,0,6
79,McGill0059,31.6227766016838,1,BINSEG,train,6,6,5,0,6
79,McGill0059,31.6227766016838,1,BINSEG,test,7,7,2,0,7
79,McGill0059,31.6227766016838,2,BINSEG,train,7,7,2,0,7
79,McGill0059,31.6227766016838,2,BINSEG,test,6,6,5,0,6
79,McGill0059,100,1,BINSEG,train,6,6,5,0,6
79,McGill0059,100,1,BINSEG,test,7,7,2,0,7
79,McGill0059,100,2,BINSEG,train,7,7,2,0,7
79,McGill0059,100,2,BINSEG,test,6,6,5,0,6
79,McGill0059,316.227766016838,1,BINSEG,train,6,6,5,0,6
79,McGill0059,316.227766016838,1,BINSEG,test,7,7,2,0,7
79,McGill0059,316.227766016838,2,BINSEG,train,7,7,2,0,7
79,McGill0059,316.227766016838,2,BINSEG,test,6,6,5,0,6
79,McGill0059,1000,1,BINSEG,train,6,2,5,0,6
79,McGill0059,1000,1,BINSEG,test,7,2,2,0,7
79,McGill0059,1000,2,BINSEG,train,7,2,2,0,7
79,McGill0059,1000,2,BINSEG,test,6,2,5,0,6
79,McGill0059,3162.27766016838,1,BINSEG,train,6,1,5,0,6
79,McGill0059,3162.27766016838,1,BINSEG,test,7,1,2,0,7
79,McGill0059,3162.27766016838,2,BINSEG,train,7,1,2,0,7
79,McGill0059,3162.27766016838,2,BINSEG,test,6,1,5,0,6
79,McGill0059,10000,1,BINSEG,train,6,0,5,1,6
79,McGill0059,10000,1,BINSEG,test,7,0,2,0,7
79,McGill0059,10000,2,BINSEG,train,7,0,2,0,7
79,McGill0059,10000,2,BINSEG,test,6,0,5,1,6
79,McGill0059,31622.7766016838,1,BINSEG,train,6,1,5,4,6
79,McGill0059,31622.7766016838,1,BINSEG,test,7,4,2,2,7
79,McGill0059,31622.7766016838,2,BINSEG,train,7,4,2,2,7
79,McGill0059,31622.7766016838,2,BINSEG,test,6,1,5,4,6
79,McGill0059,1e+05,1,BINSEG,train,6,0,5,5,6
79,McGill0059,1e+05,1,BINSEG,test,7,0,2,2,7
79,McGill0059,1e+05,2,BINSEG,train,7,0,2,2,7
79,McGill0059,1e+05,2,BINSEG,test,6,0,5,5,6
