dataset,sample.id,pen,fold,model,set.i,possible.fp,fp,possible.fn,fn,labels
81,McGill0006,1e-05,1,BINSEG,train,4,4,3,0,4
81,McGill0006,1e-05,1,BINSEG,test,4,4,3,0,4
81,McGill0006,1e-05,2,BINSEG,train,4,4,3,0,4
81,McGill0006,1e-05,2,BINSEG,test,4,4,3,0,4
81,McGill0006,3.16227766016838e-05,1,BINSEG,train,4,4,3,0,4
81,McGill0006,3.16227766016838e-05,1,BINSEG,test,4,4,3,0,4
81,McGill0006,3.16227766016838e-05,2,BINSEG,train,4,4,3,0,4
81,McGill0006,3.16227766016838e-05,2,BINSEG,test,4,4,3,0,4
81,McGill0006,1e-04,1,BINSEG,train,4,4,3,0,4
81,McGill0006,1e-04,1,BINSEG,test,4,4,3,0,4
81,McGill0006,1e-04,2,BINSEG,train,4,4,3,0,4
81,McGill0006,1e-04,2,BINSEG,test,4,4,3,0,4
81,McGill0006,0.000316227766016838,1,BINSEG,train,4,4,3,0,4
81,McGill0006,0.000316227766016838,1,BINSEG,test,4,4,3,0,4
81,McGill0006,0.000316227766016838,2,BINSEG,train,4,4,3,0,4
81,McGill0006,0.000316227766016838,2,BINSEG,test,4,4,3,0,4
81,McGill0006,0.001,1,BINSEG,train,4,4,3,0,4
81,McGill0006,0.001,1,BINSEG,test,4,4,3,0,4
81,McGill0006,0.001,2,BINSEG,train,4,4,3,0,4
81,McGill0006,0.001,2,BINSEG,test,4,4,3,0,4
81,McGill0006,0.00316227766016838,1,BINSEG,train,4,4,3,0,4
81,McGill0006,0.00316227766016838,1,BINSEG,test,4,4,3,0,4
81,McGill0006,0.00316227766016838,2,BINSEG,train,4,4,3,0,4
81,McGill0006,0.00316227766016838,2,BINSEG,test,4,4,3,0,4
81,McGill0006,0.01,1,BINSEG,train,4,4,3,0,4
81,McGill0006,0.01,1,BINSEG,test,4,4,3,0,4
81,McGill0006,0.01,2,BINSEG,train,4,4,3,0,4
81,McGill0006,0.01,2,BINSEG,test,4,4,3,0,4
81,McGill0006,0.0316227766016838,1,BINSEG,train,4,4,3,0,4
81,McGill0006,0.0316227766016838,1,BINSEG,test,4,4,3,0,4
81,McGill0006,0.0316227766016838,2,BINSEG,train,4,4,3,0,4
81,McGill0006,0.0316227766016838,2,BINSEG,test,4,4,3,0,4
81,McGill0006,0.1,1,BINSEG,train,4,4,3,0,4
81,McGill0006,0.1,1,BINSEG,test,4,4,3,0,4
81,McGill0006,0.1,2,BINSEG,train,4,4,3,0,4
81,McGill0006,0.1,2,BINSEG,test,4,4,3,0,4
81,McGill0006,0.316227766016838,1,BINSEG,train,4,4,3,0,4
81,McGill0006,0.316227766016838,1,BINSEG,test,4,4,3,0,4
81,McGill0006,0.316227766016838,2,BINSEG,train,4,4,3,0,4
81,McGill0006,0.316227766016838,2,BINSEG,test,4,4,3,0,4
81,McGill0006,1,1,BINSEG,train,4,3,3,0,4
81,McGill0006,1,1,BINSEG,test,4,4,3,0,4
81,McGill0006,1,2,BINSEG,train,4,4,3,0,4
81,McGill0006,1,2,BINSEG,test,4,3,3,0,4
81,McGill0006,3.16227766016838,1,BINSEG,train,4,3,3,0,4
81,McGill0006,3.16227766016838,1,BINSEG,test,4,3,3,0,4
81,McGill0006,3.16227766016838,2,BINSEG,train,4,3,3,0,4
81,McGill0006,3.16227766016838,2,BINSEG,test,4,3,3,0,4
81,McGill0006,10,1,BINSEG,train,4,3,3,1,4
81,McGill0006,10,1,BINSEG,test,4,3,3,0,4
81,McGill0006,10,2,BINSEG,train,4,3,3,0,4
81,McGill0006,10,2,BINSEG,test,4,3,3,1,4
81,McGill0006,31.6227766016838,1,BINSEG,train,4,3,3,1,4
81,McGill0006,31.6227766016838,1,BINSEG,test,4,3,3,0,4
81,McGill0006,31.6227766016838,2,BINSEG,train,4,3,3,0,4
81,McGill0006,31.6227766016838,2,BINSEG,test,4,3,3,1,4
81,McGill0006,100,1,BINSEG,train,4,2,3,0,4
81,McGill0006,100,1,BINSEG,test,4,2,3,0,4
81,McGill0006,100,2,BINSEG,train,4,2,3,0,4
81,McGill0006,100,2,BINSEG,test,4,2,3,0,4
81,McGill0006,316.227766016838,1,BINSEG,train,4,1,3,1,4
81,McGill0006,316.227766016838,1,BINSEG,test,4,3,3,0,4
81,McGill0006,316.227766016838,2,BINSEG,train,4,3,3,0,4
81,McGill0006,316.227766016838,2,BINSEG,test,4,1,3,1,4
81,McGill0006,1000,1,BINSEG,train,4,0,3,3,4
81,McGill0006,1000,1,BINSEG,test,4,0,3,2,4
81,McGill0006,1000,2,BINSEG,train,4,0,3,2,4
81,McGill0006,1000,2,BINSEG,test,4,0,3,3,4
81,McGill0006,3162.27766016838,1,BINSEG,train,4,1,3,3,4
81,McGill0006,3162.27766016838,1,BINSEG,test,4,1,3,2,4
81,McGill0006,3162.27766016838,2,BINSEG,train,4,1,3,2,4
81,McGill0006,3162.27766016838,2,BINSEG,test,4,1,3,3,4
81,McGill0006,10000,1,BINSEG,train,4,0,3,3,4
81,McGill0006,10000,1,BINSEG,test,4,0,3,3,4
81,McGill0006,10000,2,BINSEG,train,4,0,3,3,4
81,McGill0006,10000,2,BINSEG,test,4,0,3,3,4
81,McGill0006,31622.7766016838,1,BINSEG,train,4,0,3,3,4
81,McGill0006,31622.7766016838,1,BINSEG,test,4,0,3,3,4
81,McGill0006,31622.7766016838,2,BINSEG,train,4,0,3,3,4
81,McGill0006,31622.7766016838,2,BINSEG,test,4,0,3,3,4
81,McGill0006,1e+05,1,BINSEG,train,4,0,3,3,4
81,McGill0006,1e+05,1,BINSEG,test,4,0,3,3,4
81,McGill0006,1e+05,2,BINSEG,train,4,0,3,3,4
81,McGill0006,1e+05,2,BINSEG,test,4,0,3,3,4
