dataset,sample.id,pen,fold,model,set.i,possible.fp,fp,possible.fn,fn,labels
81,McGill0011,1e-05,1,BINSEG,train,4,4,3,0,4
81,McGill0011,1e-05,1,BINSEG,test,4,4,3,0,4
81,McGill0011,1e-05,2,BINSEG,train,4,4,3,0,4
81,McGill0011,1e-05,2,BINSEG,test,4,4,3,0,4
81,McGill0011,3.16227766016838e-05,1,BINSEG,train,4,4,3,0,4
81,McGill0011,3.16227766016838e-05,1,BINSEG,test,4,4,3,0,4
81,McGill0011,3.16227766016838e-05,2,BINSEG,train,4,4,3,0,4
81,McGill0011,3.16227766016838e-05,2,BINSEG,test,4,4,3,0,4
81,McGill0011,1e-04,1,BINSEG,train,4,4,3,0,4
81,McGill0011,1e-04,1,BINSEG,test,4,4,3,0,4
81,McGill0011,1e-04,2,BINSEG,train,4,4,3,0,4
81,McGill0011,1e-04,2,BINSEG,test,4,4,3,0,4
81,McGill0011,0.000316227766016838,1,BINSEG,train,4,4,3,0,4
81,McGill0011,0.000316227766016838,1,BINSEG,test,4,4,3,0,4
81,McGill0011,0.000316227766016838,2,BINSEG,train,4,4,3,0,4
81,McGill0011,0.000316227766016838,2,BINSEG,test,4,4,3,0,4
81,McGill0011,0.001,1,BINSEG,train,4,4,3,0,4
81,McGill0011,0.001,1,BINSEG,test,4,4,3,0,4
81,McGill0011,0.001,2,BINSEG,train,4,4,3,0,4
81,McGill0011,0.001,2,BINSEG,test,4,4,3,0,4
81,McGill0011,0.00316227766016838,1,BINSEG,train,4,4,3,0,4
81,McGill0011,0.00316227766016838,1,BINSEG,test,4,4,3,0,4
81,McGill0011,0.00316227766016838,2,BINSEG,train,4,4,3,0,4
81,McGill0011,0.00316227766016838,2,BINSEG,test,4,4,3,0,4
81,McGill0011,0.01,1,BINSEG,train,4,4,3,0,4
81,McGill0011,0.01,1,BINSEG,test,4,4,3,0,4
81,McGill0011,0.01,2,BINSEG,train,4,4,3,0,4
81,McGill0011,0.01,2,BINSEG,test,4,4,3,0,4
81,McGill0011,0.0316227766016838,1,BINSEG,train,4,4,3,0,4
81,McGill0011,0.0316227766016838,1,BINSEG,test,4,4,3,0,4
81,McGill0011,0.0316227766016838,2,BINSEG,train,4,4,3,0,4
81,McGill0011,0.0316227766016838,2,BINSEG,test,4,4,3,0,4
81,McGill0011,0.1,1,BINSEG,train,4,4,3,0,4
81,McGill0011,0.1,1,BINSEG,test,4,4,3,0,4
81,McGill0011,0.1,2,BINSEG,train,4,4,3,0,4
81,McGill0011,0.1,2,BINSEG,test,4,4,3,0,4
81,McGill0011,0.316227766016838,1,BINSEG,train,4,3,3,0,4
81,McGill0011,0.316227766016838,1,BINSEG,test,4,4,3,0,4
81,McGill0011,0.316227766016838,2,BINSEG,train,4,4,3,0,4
81,McGill0011,0.316227766016838,2,BINSEG,test,4,3,3,0,4
81,McGill0011,1,1,BINSEG,train,4,3,3,1,4
81,McGill0011,1,1,BINSEG,test,4,3,3,0,4
81,McGill0011,1,2,BINSEG,train,4,3,3,0,4
81,McGill0011,1,2,BINSEG,test,4,3,3,1,4
81,McGill0011,3.16227766016838,1,BINSEG,train,4,3,3,1,4
81,McGill0011,3.16227766016838,1,BINSEG,test,4,3,3,0,4
81,McGill0011,3.16227766016838,2,BINSEG,train,4,3,3,0,4
81,McGill0011,3.16227766016838,2,BINSEG,test,4,3,3,1,4
81,McGill0011,10,1,BINSEG,train,4,3,3,0,4
81,McGill0011,10,1,BINSEG,test,4,2,3,0,4
81,McGill0011,10,2,BINSEG,train,4,2,3,0,4
81,McGill0011,10,2,BINSEG,test,4,3,3,0,4
81,McGill0011,31.6227766016838,1,BINSEG,train,4,3,3,0,4
81,McGill0011,31.6227766016838,1,BINSEG,test,4,2,3,0,4
81,McGill0011,31.6227766016838,2,BINSEG,train,4,2,3,0,4
81,McGill0011,31.6227766016838,2,BINSEG,test,4,3,3,0,4
81,McGill0011,100,1,BINSEG,train,4,2,3,0,4
81,McGill0011,100,1,BINSEG,test,4,2,3,1,4
81,McGill0011,100,2,BINSEG,train,4,2,3,1,4
81,McGill0011,100,2,BINSEG,test,4,2,3,0,4
81,McGill0011,316.227766016838,1,BINSEG,train,4,2,3,0,4
81,McGill0011,316.227766016838,1,BINSEG,test,4,2,3,1,4
81,McGill0011,316.227766016838,2,BINSEG,train,4,2,3,1,4
81,McGill0011,316.227766016838,2,BINSEG,test,4,2,3,0,4
81,McGill0011,1000,1,BINSEG,train,4,0,3,2,4
81,McGill0011,1000,1,BINSEG,test,4,0,3,1,4
81,McGill0011,1000,2,BINSEG,train,4,0,3,1,4
81,McGill0011,1000,2,BINSEG,test,4,0,3,2,4
81,McGill0011,3162.27766016838,1,BINSEG,train,4,0,3,2,4
81,McGill0011,3162.27766016838,1,BINSEG,test,4,0,3,1,4
81,McGill0011,3162.27766016838,2,BINSEG,train,4,0,3,1,4
81,McGill0011,3162.27766016838,2,BINSEG,test,4,0,3,2,4
81,McGill0011,10000,1,BINSEG,train,4,1,3,2,4
81,McGill0011,10000,1,BINSEG,test,4,1,3,3,4
81,McGill0011,10000,2,BINSEG,train,4,1,3,3,4
81,McGill0011,10000,2,BINSEG,test,4,1,3,2,4
81,McGill0011,31622.7766016838,1,BINSEG,train,4,1,3,2,4
81,McGill0011,31622.7766016838,1,BINSEG,test,4,1,3,3,4
81,McGill0011,31622.7766016838,2,BINSEG,train,4,1,3,3,4
81,McGill0011,31622.7766016838,2,BINSEG,test,4,1,3,2,4
81,McGill0011,1e+05,1,BINSEG,train,4,0,3,3,4
81,McGill0011,1e+05,1,BINSEG,test,4,0,3,3,4
81,McGill0011,1e+05,2,BINSEG,train,4,0,3,3,4
81,McGill0011,1e+05,2,BINSEG,test,4,0,3,3,4
