dataset,sample.id,pen,fold,model,set.i,possible.fp,fp,possible.fn,fn,labels
95,McGill0013,1e-05,1,BINSEG,train,2,2,1,0,2
95,McGill0013,1e-05,1,BINSEG,test,3,3,2,0,3
95,McGill0013,1e-05,2,BINSEG,train,3,3,2,0,3
95,McGill0013,1e-05,2,BINSEG,test,2,2,1,0,2
95,McGill0013,3.16227766016838e-05,1,BINSEG,train,2,2,1,0,2
95,McGill0013,3.16227766016838e-05,1,BINSEG,test,3,3,2,0,3
95,McGill0013,3.16227766016838e-05,2,BINSEG,train,3,3,2,0,3
95,McGill0013,3.16227766016838e-05,2,BINSEG,test,2,2,1,0,2
95,McGill0013,1e-04,1,BINSEG,train,2,2,1,0,2
95,McGill0013,1e-04,1,BINSEG,test,3,3,2,0,3
95,McGill0013,1e-04,2,BINSEG,train,3,3,2,0,3
95,McGill0013,1e-04,2,BINSEG,test,2,2,1,0,2
95,McGill0013,0.000316227766016838,1,BINSEG,train,2,2,1,0,2
95,McGill0013,0.000316227766016838,1,BINSEG,test,3,3,2,0,3
95,McGill0013,0.000316227766016838,2,BINSEG,train,3,3,2,0,3
95,McGill0013,0.000316227766016838,2,BINSEG,test,2,2,1,0,2
95,McGill0013,0.001,1,BINSEG,train,2,2,1,0,2
95,McGill0013,0.001,1,BINSEG,test,3,3,2,0,3
95,McGill0013,0.001,2,BINSEG,train,3,3,2,0,3
95,McGill0013,0.001,2,BINSEG,test,2,2,1,0,2
95,McGill0013,0.00316227766016838,1,BINSEG,train,2,2,1,0,2
95,McGill0013,0.00316227766016838,1,BINSEG,test,3,3,2,0,3
95,McGill0013,0.00316227766016838,2,BINSEG,train,3,3,2,0,3
95,McGill0013,0.00316227766016838,2,BINSEG,test,2,2,1,0,2
95,McGill0013,0.01,1,BINSEG,train,2,2,1,0,2
95,McGill0013,0.01,1,BINSEG,test,3,3,2,0,3
95,McGill0013,0.01,2,BINSEG,train,3,3,2,0,3
95,McGill0013,0.01,2,BINSEG,test,2,2,1,0,2
95,McGill0013,0.0316227766016838,1,BINSEG,train,2,2,1,0,2
95,McGill0013,0.0316227766016838,1,BINSEG,test,3,3,2,0,3
95,McGill0013,0.0316227766016838,2,BINSEG,train,3,3,2,0,3
95,McGill0013,0.0316227766016838,2,BINSEG,test,2,2,1,0,2
95,McGill0013,0.1,1,BINSEG,train,2,2,1,0,2
95,McGill0013,0.1,1,BINSEG,test,3,3,2,0,3
95,McGill0013,0.1,2,BINSEG,train,3,3,2,0,3
95,McGill0013,0.1,2,BINSEG,test,2,2,1,0,2
95,McGill0013,0.316227766016838,1,BINSEG,train,2,2,1,0,2
95,McGill0013,0.316227766016838,1,BINSEG,test,3,3,2,0,3
95,McGill0013,0.316227766016838,2,BINSEG,train,3,3,2,0,3
95,McGill0013,0.316227766016838,2,BINSEG,test,2,2,1,0,2
95,McGill0013,1,1,BINSEG,train,2,2,1,0,2
95,McGill0013,1,1,BINSEG,test,3,3,2,0,3
95,McGill0013,1,2,BINSEG,train,3,3,2,0,3
95,McGill0013,1,2,BINSEG,test,2,2,1,0,2
95,McGill0013,3.16227766016838,1,BINSEG,train,2,2,1,0,2
95,McGill0013,3.16227766016838,1,BINSEG,test,3,2,2,0,3
95,McGill0013,3.16227766016838,2,BINSEG,train,3,2,2,0,3
95,McGill0013,3.16227766016838,2,BINSEG,test,2,2,1,0,2
95,McGill0013,10,1,BINSEG,train,2,2,1,0,2
95,McGill0013,10,1,BINSEG,test,3,2,2,1,3
95,McGill0013,10,2,BINSEG,train,3,2,2,1,3
95,McGill0013,10,2,BINSEG,test,2,2,1,0,2
95,McGill0013,31.6227766016838,1,BINSEG,train,2,2,1,0,2
95,McGill0013,31.6227766016838,1,BINSEG,test,3,2,2,1,3
95,McGill0013,31.6227766016838,2,BINSEG,train,3,2,2,1,3
95,McGill0013,31.6227766016838,2,BINSEG,test,2,2,1,0,2
95,McGill0013,100,1,BINSEG,train,2,2,1,0,2
95,McGill0013,100,1,BINSEG,test,3,2,2,1,3
95,McGill0013,100,2,BINSEG,train,3,2,2,1,3
95,McGill0013,100,2,BINSEG,test,2,2,1,0,2
95,McGill0013,316.227766016838,1,BINSEG,train,2,1,1,0,2
95,McGill0013,316.227766016838,1,BINSEG,test,3,1,2,1,3
95,McGill0013,316.227766016838,2,BINSEG,train,3,1,2,1,3
95,McGill0013,316.227766016838,2,BINSEG,test,2,1,1,0,2
95,McGill0013,1000,1,BINSEG,train,2,0,1,1,2
95,McGill0013,1000,1,BINSEG,test,3,1,2,1,3
95,McGill0013,1000,2,BINSEG,train,3,1,2,1,3
95,McGill0013,1000,2,BINSEG,test,2,0,1,1,2
95,McGill0013,3162.27766016838,1,BINSEG,train,2,0,1,1,2
95,McGill0013,3162.27766016838,1,BINSEG,test,3,0,2,0,3
95,McGill0013,3162.27766016838,2,BINSEG,train,3,0,2,0,3
95,McGill0013,3162.27766016838,2,BINSEG,test,2,0,1,1,2
95,McGill0013,10000,1,BINSEG,train,2,0,1,1,2
95,McGill0013,10000,1,BINSEG,test,3,0,2,0,3
95,McGill0013,10000,2,BINSEG,train,3,0,2,0,3
95,McGill0013,10000,2,BINSEG,test,2,0,1,1,2
95,McGill0013,31622.7766016838,1,BINSEG,train,2,0,1,1,2
95,McGill0013,31622.7766016838,1,BINSEG,test,3,0,2,2,3
95,McGill0013,31622.7766016838,2,BINSEG,train,3,0,2,2,3
95,McGill0013,31622.7766016838,2,BINSEG,test,2,0,1,1,2
95,McGill0013,1e+05,1,BINSEG,train,2,0,1,1,2
95,McGill0013,1e+05,1,BINSEG,test,3,0,2,1,3
95,McGill0013,1e+05,2,BINSEG,train,3,0,2,1,3
95,McGill0013,1e+05,2,BINSEG,test,2,0,1,1,2
