dataset,sample.id,pen,fold,model,set.i,possible.fp,fp,possible.fn,fn,labels
96,McGill0016,1e-05,1,BINSEG,train,1,1,1,0,1
96,McGill0016,1e-05,1,BINSEG,test,2,2,1,0,2
96,McGill0016,1e-05,2,BINSEG,train,2,2,1,0,2
96,McGill0016,1e-05,2,BINSEG,test,1,1,1,0,1
96,McGill0016,3.16227766016838e-05,1,BINSEG,train,1,1,1,0,1
96,McGill0016,3.16227766016838e-05,1,BINSEG,test,2,2,1,0,2
96,McGill0016,3.16227766016838e-05,2,BINSEG,train,2,2,1,0,2
96,McGill0016,3.16227766016838e-05,2,BINSEG,test,1,1,1,0,1
96,McGill0016,1e-04,1,BINSEG,train,1,1,1,0,1
96,McGill0016,1e-04,1,BINSEG,test,2,2,1,0,2
96,McGill0016,1e-04,2,BINSEG,train,2,2,1,0,2
96,McGill0016,1e-04,2,BINSEG,test,1,1,1,0,1
96,McGill0016,0.000316227766016838,1,BINSEG,train,1,1,1,0,1
96,McGill0016,0.000316227766016838,1,BINSEG,test,2,2,1,0,2
96,McGill0016,0.000316227766016838,2,BINSEG,train,2,2,1,0,2
96,McGill0016,0.000316227766016838,2,BINSEG,test,1,1,1,0,1
96,McGill0016,0.001,1,BINSEG,train,1,1,1,0,1
96,McGill0016,0.001,1,BINSEG,test,2,2,1,0,2
96,McGill0016,0.001,2,BINSEG,train,2,2,1,0,2
96,McGill0016,0.001,2,BINSEG,test,1,1,1,0,1
96,McGill0016,0.00316227766016838,1,BINSEG,train,1,1,1,0,1
96,McGill0016,0.00316227766016838,1,BINSEG,test,2,2,1,0,2
96,McGill0016,0.00316227766016838,2,BINSEG,train,2,2,1,0,2
96,McGill0016,0.00316227766016838,2,BINSEG,test,1,1,1,0,1
96,McGill0016,0.01,1,BINSEG,train,1,1,1,0,1
96,McGill0016,0.01,1,BINSEG,test,2,2,1,0,2
96,McGill0016,0.01,2,BINSEG,train,2,2,1,0,2
96,McGill0016,0.01,2,BINSEG,test,1,1,1,0,1
96,McGill0016,0.0316227766016838,1,BINSEG,train,1,1,1,0,1
96,McGill0016,0.0316227766016838,1,BINSEG,test,2,2,1,0,2
96,McGill0016,0.0316227766016838,2,BINSEG,train,2,2,1,0,2
96,McGill0016,0.0316227766016838,2,BINSEG,test,1,1,1,0,1
96,McGill0016,0.1,1,BINSEG,train,1,1,1,0,1
96,McGill0016,0.1,1,BINSEG,test,2,2,1,0,2
96,McGill0016,0.1,2,BINSEG,train,2,2,1,0,2
96,McGill0016,0.1,2,BINSEG,test,1,1,1,0,1
96,McGill0016,0.316227766016838,1,BINSEG,train,1,1,1,0,1
96,McGill0016,0.316227766016838,1,BINSEG,test,2,2,1,0,2
96,McGill0016,0.316227766016838,2,BINSEG,train,2,2,1,0,2
96,McGill0016,0.316227766016838,2,BINSEG,test,1,1,1,0,1
96,McGill0016,1,1,BINSEG,train,1,1,1,0,1
96,McGill0016,1,1,BINSEG,test,2,2,1,0,2
96,McGill0016,1,2,BINSEG,train,2,2,1,0,2
96,McGill0016,1,2,BINSEG,test,1,1,1,0,1
96,McGill0016,3.16227766016838,1,BINSEG,train,1,1,1,0,1
96,McGill0016,3.16227766016838,1,BINSEG,test,2,2,1,0,2
96,McGill0016,3.16227766016838,2,BINSEG,train,2,2,1,0,2
96,McGill0016,3.16227766016838,2,BINSEG,test,1,1,1,0,1
96,McGill0016,10,1,BINSEG,train,1,1,1,0,1
96,McGill0016,10,1,BINSEG,test,2,2,1,0,2
96,McGill0016,10,2,BINSEG,train,2,2,1,0,2
96,McGill0016,10,2,BINSEG,test,1,1,1,0,1
96,McGill0016,31.6227766016838,1,BINSEG,train,1,1,1,0,1
96,McGill0016,31.6227766016838,1,BINSEG,test,2,2,1,0,2
96,McGill0016,31.6227766016838,2,BINSEG,train,2,2,1,0,2
96,McGill0016,31.6227766016838,2,BINSEG,test,1,1,1,0,1
96,McGill0016,100,1,BINSEG,train,1,1,1,0,1
96,McGill0016,100,1,BINSEG,test,2,2,1,0,2
96,McGill0016,100,2,BINSEG,train,2,2,1,0,2
96,McGill0016,100,2,BINSEG,test,1,1,1,0,1
96,McGill0016,316.227766016838,1,BINSEG,train,1,1,1,0,1
96,McGill0016,316.227766016838,1,BINSEG,test,2,1,1,1,2
96,McGill0016,316.227766016838,2,BINSEG,train,2,1,1,1,2
96,McGill0016,316.227766016838,2,BINSEG,test,1,1,1,0,1
96,McGill0016,1000,1,BINSEG,train,1,0,1,0,1
96,McGill0016,1000,1,BINSEG,test,2,0,1,1,2
96,McGill0016,1000,2,BINSEG,train,2,0,1,1,2
96,McGill0016,1000,2,BINSEG,test,1,0,1,0,1
96,McGill0016,3162.27766016838,1,BINSEG,train,1,0,1,1,1
96,McGill0016,3162.27766016838,1,BINSEG,test,2,0,1,0,2
96,McGill0016,3162.27766016838,2,BINSEG,train,2,0,1,0,2
96,McGill0016,3162.27766016838,2,BINSEG,test,1,0,1,1,1
96,McGill0016,10000,1,BINSEG,train,1,0,1,1,1
96,McGill0016,10000,1,BINSEG,test,2,0,1,0,2
96,McGill0016,10000,2,BINSEG,train,2,0,1,0,2
96,McGill0016,10000,2,BINSEG,test,1,0,1,1,1
96,McGill0016,31622.7766016838,1,BINSEG,train,1,0,1,1,1
96,McGill0016,31622.7766016838,1,BINSEG,test,2,0,1,0,2
96,McGill0016,31622.7766016838,2,BINSEG,train,2,0,1,0,2
96,McGill0016,31622.7766016838,2,BINSEG,test,1,0,1,1,1
96,McGill0016,1e+05,1,BINSEG,train,1,0,1,1,1
96,McGill0016,1e+05,1,BINSEG,test,2,1,1,0,2
96,McGill0016,1e+05,2,BINSEG,train,2,1,1,0,2
96,McGill0016,1e+05,2,BINSEG,test,1,0,1,1,1
