dataset,sample.id,pen,fold,model,set.i,possible.fp,fp,possible.fn,fn,labels
97,McGill0012,1e-05,1,BINSEG,train,4,4,4,0,4
97,McGill0012,1e-05,1,BINSEG,test,4,4,2,0,4
97,McGill0012,1e-05,2,BINSEG,train,4,4,2,0,4
97,McGill0012,1e-05,2,BINSEG,test,4,4,4,0,4
97,McGill0012,3.16227766016838e-05,1,BINSEG,train,4,4,4,0,4
97,McGill0012,3.16227766016838e-05,1,BINSEG,test,4,4,2,0,4
97,McGill0012,3.16227766016838e-05,2,BINSEG,train,4,4,2,0,4
97,McGill0012,3.16227766016838e-05,2,BINSEG,test,4,4,4,0,4
97,McGill0012,1e-04,1,BINSEG,train,4,4,4,0,4
97,McGill0012,1e-04,1,BINSEG,test,4,4,2,0,4
97,McGill0012,1e-04,2,BINSEG,train,4,4,2,0,4
97,McGill0012,1e-04,2,BINSEG,test,4,4,4,0,4
97,McGill0012,0.000316227766016838,1,BINSEG,train,4,4,4,0,4
97,McGill0012,0.000316227766016838,1,BINSEG,test,4,4,2,0,4
97,McGill0012,0.000316227766016838,2,BINSEG,train,4,4,2,0,4
97,McGill0012,0.000316227766016838,2,BINSEG,test,4,4,4,0,4
97,McGill0012,0.001,1,BINSEG,train,4,4,4,0,4
97,McGill0012,0.001,1,BINSEG,test,4,4,2,0,4
97,McGill0012,0.001,2,BINSEG,train,4,4,2,0,4
97,McGill0012,0.001,2,BINSEG,test,4,4,4,0,4
97,McGill0012,0.00316227766016838,1,BINSEG,train,4,4,4,0,4
97,McGill0012,0.00316227766016838,1,BINSEG,test,4,4,2,0,4
97,McGill0012,0.00316227766016838,2,BINSEG,train,4,4,2,0,4
97,McGill0012,0.00316227766016838,2,BINSEG,test,4,4,4,0,4
97,McGill0012,0.01,1,BINSEG,train,4,4,4,0,4
97,McGill0012,0.01,1,BINSEG,test,4,4,2,0,4
97,McGill0012,0.01,2,BINSEG,train,4,4,2,0,4
97,McGill0012,0.01,2,BINSEG,test,4,4,4,0,4
97,McGill0012,0.0316227766016838,1,BINSEG,train,4,4,4,0,4
97,McGill0012,0.0316227766016838,1,BINSEG,test,4,4,2,0,4
97,McGill0012,0.0316227766016838,2,BINSEG,train,4,4,2,0,4
97,McGill0012,0.0316227766016838,2,BINSEG,test,4,4,4,0,4
97,McGill0012,0.1,1,BINSEG,train,4,4,4,0,4
97,McGill0012,0.1,1,BINSEG,test,4,4,2,0,4
97,McGill0012,0.1,2,BINSEG,train,4,4,2,0,4
97,McGill0012,0.1,2,BINSEG,test,4,4,4,0,4
97,McGill0012,0.316227766016838,1,BINSEG,train,4,4,4,0,4
97,McGill0012,0.316227766016838,1,BINSEG,test,4,4,2,0,4
97,McGill0012,0.316227766016838,2,BINSEG,train,4,4,2,0,4
97,McGill0012,0.316227766016838,2,BINSEG,test,4,4,4,0,4
97,McGill0012,1,1,BINSEG,train,4,3,4,0,4
97,McGill0012,1,1,BINSEG,test,4,4,2,0,4
97,McGill0012,1,2,BINSEG,train,4,4,2,0,4
97,McGill0012,1,2,BINSEG,test,4,3,4,0,4
97,McGill0012,3.16227766016838,1,BINSEG,train,4,2,4,0,4
97,McGill0012,3.16227766016838,1,BINSEG,test,4,4,2,0,4
97,McGill0012,3.16227766016838,2,BINSEG,train,4,4,2,0,4
97,McGill0012,3.16227766016838,2,BINSEG,test,4,2,4,0,4
97,McGill0012,10,1,BINSEG,train,4,0,4,1,4
97,McGill0012,10,1,BINSEG,test,4,4,2,0,4
97,McGill0012,10,2,BINSEG,train,4,4,2,0,4
97,McGill0012,10,2,BINSEG,test,4,0,4,1,4
97,McGill0012,31.6227766016838,1,BINSEG,train,4,0,4,1,4
97,McGill0012,31.6227766016838,1,BINSEG,test,4,3,2,1,4
97,McGill0012,31.6227766016838,2,BINSEG,train,4,3,2,1,4
97,McGill0012,31.6227766016838,2,BINSEG,test,4,0,4,1,4
97,McGill0012,100,1,BINSEG,train,4,0,4,2,4
97,McGill0012,100,1,BINSEG,test,4,3,2,1,4
97,McGill0012,100,2,BINSEG,train,4,3,2,1,4
97,McGill0012,100,2,BINSEG,test,4,0,4,2,4
97,McGill0012,316.227766016838,1,BINSEG,train,4,0,4,0,4
97,McGill0012,316.227766016838,1,BINSEG,test,4,2,2,1,4
97,McGill0012,316.227766016838,2,BINSEG,train,4,2,2,1,4
97,McGill0012,316.227766016838,2,BINSEG,test,4,0,4,0,4
97,McGill0012,1000,1,BINSEG,train,4,0,4,0,4
97,McGill0012,1000,1,BINSEG,test,4,1,2,1,4
97,McGill0012,1000,2,BINSEG,train,4,1,2,1,4
97,McGill0012,1000,2,BINSEG,test,4,0,4,0,4
97,McGill0012,3162.27766016838,1,BINSEG,train,4,0,4,1,4
97,McGill0012,3162.27766016838,1,BINSEG,test,4,0,2,1,4
97,McGill0012,3162.27766016838,2,BINSEG,train,4,0,2,1,4
97,McGill0012,3162.27766016838,2,BINSEG,test,4,0,4,1,4
97,McGill0012,10000,1,BINSEG,train,4,0,4,1,4
97,McGill0012,10000,1,BINSEG,test,4,0,2,1,4
97,McGill0012,10000,2,BINSEG,train,4,0,2,1,4
97,McGill0012,10000,2,BINSEG,test,4,0,4,1,4
97,McGill0012,31622.7766016838,1,BINSEG,train,4,0,4,1,4
97,McGill0012,31622.7766016838,1,BINSEG,test,4,0,2,1,4
97,McGill0012,31622.7766016838,2,BINSEG,train,4,0,2,1,4
97,McGill0012,31622.7766016838,2,BINSEG,test,4,0,4,1,4
97,McGill0012,1e+05,1,BINSEG,train,4,0,4,3,4
97,McGill0012,1e+05,1,BINSEG,test,4,0,2,1,4
97,McGill0012,1e+05,2,BINSEG,train,4,0,2,1,4
97,McGill0012,1e+05,2,BINSEG,test,4,0,4,3,4
