dataset,sample.id,pen,fold,model,set.i,possible.fp,fp,possible.fn,fn,labels
25,McGill0079,1e-05,1,Flopart,train,5,0,5,0,5
25,McGill0079,1e-05,1,FPOP,train,5,5,5,0,5
25,McGill0079,1e-05,1,Flopart,test,6,6,3,0,6
25,McGill0079,1e-05,1,FPOP,test,6,6,3,0,6
25,McGill0079,1e-05,2,Flopart,train,6,0,3,0,6
25,McGill0079,1e-05,2,FPOP,train,6,6,3,0,6
25,McGill0079,1e-05,2,Flopart,test,5,5,5,0,5
25,McGill0079,1e-05,2,FPOP,test,5,5,5,0,5
25,McGill0079,3.16227766016838e-05,1,Flopart,train,5,0,5,0,5
25,McGill0079,3.16227766016838e-05,1,FPOP,train,5,5,5,0,5
25,McGill0079,3.16227766016838e-05,1,Flopart,test,6,6,3,0,6
25,McGill0079,3.16227766016838e-05,1,FPOP,test,6,6,3,0,6
25,McGill0079,3.16227766016838e-05,2,Flopart,train,6,0,3,0,6
25,McGill0079,3.16227766016838e-05,2,FPOP,train,6,6,3,0,6
25,McGill0079,3.16227766016838e-05,2,Flopart,test,5,5,5,0,5
25,McGill0079,3.16227766016838e-05,2,FPOP,test,5,5,5,0,5
25,McGill0079,1e-04,1,Flopart,train,5,0,5,0,5
25,McGill0079,1e-04,1,FPOP,train,5,5,5,0,5
25,McGill0079,1e-04,1,Flopart,test,6,6,3,0,6
25,McGill0079,1e-04,1,FPOP,test,6,6,3,0,6
25,McGill0079,1e-04,2,Flopart,train,6,0,3,0,6
25,McGill0079,1e-04,2,FPOP,train,6,6,3,0,6
25,McGill0079,1e-04,2,Flopart,test,5,5,5,0,5
25,McGill0079,1e-04,2,FPOP,test,5,5,5,0,5
25,McGill0079,0.000316227766016838,1,Flopart,train,5,0,5,0,5
25,McGill0079,0.000316227766016838,1,FPOP,train,5,5,5,0,5
25,McGill0079,0.000316227766016838,1,Flopart,test,6,6,3,0,6
25,McGill0079,0.000316227766016838,1,FPOP,test,6,6,3,0,6
25,McGill0079,0.000316227766016838,2,Flopart,train,6,0,3,0,6
25,McGill0079,0.000316227766016838,2,FPOP,train,6,6,3,0,6
25,McGill0079,0.000316227766016838,2,Flopart,test,5,5,5,0,5
25,McGill0079,0.000316227766016838,2,FPOP,test,5,5,5,0,5
25,McGill0079,0.001,1,Flopart,train,5,0,5,0,5
25,McGill0079,0.001,1,FPOP,train,5,5,5,0,5
25,McGill0079,0.001,1,Flopart,test,6,6,3,0,6
25,McGill0079,0.001,1,FPOP,test,6,6,3,0,6
25,McGill0079,0.001,2,Flopart,train,6,0,3,0,6
25,McGill0079,0.001,2,FPOP,train,6,6,3,0,6
25,McGill0079,0.001,2,Flopart,test,5,5,5,0,5
25,McGill0079,0.001,2,FPOP,test,5,5,5,0,5
25,McGill0079,0.00316227766016838,1,Flopart,train,5,0,5,0,5
25,McGill0079,0.00316227766016838,1,FPOP,train,5,5,5,0,5
25,McGill0079,0.00316227766016838,1,Flopart,test,6,6,3,0,6
25,McGill0079,0.00316227766016838,1,FPOP,test,6,6,3,0,6
25,McGill0079,0.00316227766016838,2,Flopart,train,6,0,3,0,6
25,McGill0079,0.00316227766016838,2,FPOP,train,6,6,3,0,6
25,McGill0079,0.00316227766016838,2,Flopart,test,5,5,5,0,5
25,McGill0079,0.00316227766016838,2,FPOP,test,5,5,5,0,5
25,McGill0079,0.01,1,Flopart,train,5,0,5,0,5
25,McGill0079,0.01,1,FPOP,train,5,5,5,0,5
25,McGill0079,0.01,1,Flopart,test,6,6,3,0,6
25,McGill0079,0.01,1,FPOP,test,6,6,3,0,6
25,McGill0079,0.01,2,Flopart,train,6,0,3,0,6
25,McGill0079,0.01,2,FPOP,train,6,6,3,0,6
25,McGill0079,0.01,2,Flopart,test,5,5,5,0,5
25,McGill0079,0.01,2,FPOP,test,5,5,5,0,5
25,McGill0079,0.0316227766016838,1,Flopart,train,5,0,5,0,5
25,McGill0079,0.0316227766016838,1,FPOP,train,5,5,5,0,5
25,McGill0079,0.0316227766016838,1,Flopart,test,6,6,3,0,6
25,McGill0079,0.0316227766016838,1,FPOP,test,6,6,3,0,6
25,McGill0079,0.0316227766016838,2,Flopart,train,6,0,3,0,6
25,McGill0079,0.0316227766016838,2,FPOP,train,6,6,3,0,6
25,McGill0079,0.0316227766016838,2,Flopart,test,5,5,5,0,5
25,McGill0079,0.0316227766016838,2,FPOP,test,5,5,5,0,5
25,McGill0079,0.1,1,Flopart,train,5,0,5,0,5
25,McGill0079,0.1,1,FPOP,train,5,5,5,0,5
25,McGill0079,0.1,1,Flopart,test,6,6,3,0,6
25,McGill0079,0.1,1,FPOP,test,6,6,3,0,6
25,McGill0079,0.1,2,Flopart,train,6,0,3,0,6
25,McGill0079,0.1,2,FPOP,train,6,6,3,0,6
25,McGill0079,0.1,2,Flopart,test,5,5,5,0,5
25,McGill0079,0.1,2,FPOP,test,5,5,5,0,5
25,McGill0079,0.316227766016838,1,Flopart,train,5,0,5,0,5
25,McGill0079,0.316227766016838,1,FPOP,train,5,5,5,0,5
25,McGill0079,0.316227766016838,1,Flopart,test,6,6,3,0,6
25,McGill0079,0.316227766016838,1,FPOP,test,6,6,3,0,6
25,McGill0079,0.316227766016838,2,Flopart,train,6,0,3,0,6
25,McGill0079,0.316227766016838,2,FPOP,train,6,6,3,0,6
25,McGill0079,0.316227766016838,2,Flopart,test,5,5,5,0,5
25,McGill0079,0.316227766016838,2,FPOP,test,5,5,5,0,5
25,McGill0079,1,1,Flopart,train,5,0,5,0,5
25,McGill0079,1,1,FPOP,train,5,5,5,0,5
25,McGill0079,1,1,Flopart,test,6,6,3,0,6
25,McGill0079,1,1,FPOP,test,6,6,3,0,6
25,McGill0079,1,2,Flopart,train,6,0,3,0,6
25,McGill0079,1,2,FPOP,train,6,6,3,0,6
25,McGill0079,1,2,Flopart,test,5,5,5,0,5
25,McGill0079,1,2,FPOP,test,5,5,5,0,5
25,McGill0079,3.16227766016838,1,Flopart,train,5,0,5,0,5
25,McGill0079,3.16227766016838,1,FPOP,train,5,5,5,0,5
25,McGill0079,3.16227766016838,1,Flopart,test,6,6,3,0,6
25,McGill0079,3.16227766016838,1,FPOP,test,6,6,3,0,6
25,McGill0079,3.16227766016838,2,Flopart,train,6,0,3,0,6
25,McGill0079,3.16227766016838,2,FPOP,train,6,6,3,0,6
25,McGill0079,3.16227766016838,2,Flopart,test,5,5,5,0,5
25,McGill0079,3.16227766016838,2,FPOP,test,5,5,5,0,5
25,McGill0079,10,1,Flopart,train,5,0,5,0,5
25,McGill0079,10,1,FPOP,train,5,5,5,0,5
25,McGill0079,10,1,Flopart,test,6,6,3,0,6
25,McGill0079,10,1,FPOP,test,6,6,3,0,6
25,McGill0079,10,2,Flopart,train,6,0,3,0,6
25,McGill0079,10,2,FPOP,train,6,6,3,0,6
25,McGill0079,10,2,Flopart,test,5,5,5,0,5
25,McGill0079,10,2,FPOP,test,5,5,5,0,5
25,McGill0079,31.6227766016838,1,Flopart,train,5,0,5,0,5
25,McGill0079,31.6227766016838,1,FPOP,train,5,5,5,0,5
25,McGill0079,31.6227766016838,1,Flopart,test,6,6,3,0,6
25,McGill0079,31.6227766016838,1,FPOP,test,6,6,3,0,6
25,McGill0079,31.6227766016838,2,Flopart,train,6,0,3,0,6
25,McGill0079,31.6227766016838,2,FPOP,train,6,6,3,0,6
25,McGill0079,31.6227766016838,2,Flopart,test,5,5,5,0,5
25,McGill0079,31.6227766016838,2,FPOP,test,5,5,5,0,5
25,McGill0079,100,1,Flopart,train,5,0,5,0,5
25,McGill0079,100,1,FPOP,train,5,5,5,0,5
25,McGill0079,100,1,Flopart,test,6,6,3,0,6
25,McGill0079,100,1,FPOP,test,6,6,3,0,6
25,McGill0079,100,2,Flopart,train,6,0,3,0,6
25,McGill0079,100,2,FPOP,train,6,6,3,0,6
25,McGill0079,100,2,Flopart,test,5,5,5,0,5
25,McGill0079,100,2,FPOP,test,5,5,5,0,5
25,McGill0079,316.227766016838,1,Flopart,train,5,0,5,0,5
25,McGill0079,316.227766016838,1,FPOP,train,5,5,5,0,5
25,McGill0079,316.227766016838,1,Flopart,test,6,6,3,0,6
25,McGill0079,316.227766016838,1,FPOP,test,6,6,3,0,6
25,McGill0079,316.227766016838,2,Flopart,train,6,0,3,0,6
25,McGill0079,316.227766016838,2,FPOP,train,6,6,3,0,6
25,McGill0079,316.227766016838,2,Flopart,test,5,5,5,0,5
25,McGill0079,316.227766016838,2,FPOP,test,5,5,5,0,5
25,McGill0079,1000,1,Flopart,train,5,0,5,0,5
25,McGill0079,1000,1,FPOP,train,5,5,5,0,5
25,McGill0079,1000,1,Flopart,test,6,6,3,0,6
25,McGill0079,1000,1,FPOP,test,6,6,3,0,6
25,McGill0079,1000,2,Flopart,train,6,0,3,0,6
25,McGill0079,1000,2,FPOP,train,6,6,3,0,6
25,McGill0079,1000,2,Flopart,test,5,5,5,0,5
25,McGill0079,1000,2,FPOP,test,5,5,5,0,5
25,McGill0079,3162.27766016838,1,Flopart,train,5,0,5,0,5
25,McGill0079,3162.27766016838,1,FPOP,train,5,4,5,0,5
25,McGill0079,3162.27766016838,1,Flopart,test,6,6,3,0,6
25,McGill0079,3162.27766016838,1,FPOP,test,6,6,3,0,6
25,McGill0079,3162.27766016838,2,Flopart,train,6,0,3,0,6
25,McGill0079,3162.27766016838,2,FPOP,train,6,6,3,0,6
25,McGill0079,3162.27766016838,2,Flopart,test,5,4,5,0,5
25,McGill0079,3162.27766016838,2,FPOP,test,5,4,5,0,5
25,McGill0079,10000,1,Flopart,train,5,0,5,0,5
25,McGill0079,10000,1,FPOP,train,5,3,5,0,5
25,McGill0079,10000,1,Flopart,test,6,3,3,0,6
25,McGill0079,10000,1,FPOP,test,6,6,3,0,6
25,McGill0079,10000,2,Flopart,train,6,0,3,0,6
25,McGill0079,10000,2,FPOP,train,6,6,3,0,6
25,McGill0079,10000,2,Flopart,test,5,1,5,0,5
25,McGill0079,10000,2,FPOP,test,5,3,5,0,5
25,McGill0079,31622.7766016838,1,Flopart,train,5,0,5,0,5
25,McGill0079,31622.7766016838,1,FPOP,train,5,0,5,0,5
25,McGill0079,31622.7766016838,1,Flopart,test,6,0,3,0,6
25,McGill0079,31622.7766016838,1,FPOP,test,6,1,3,0,6
25,McGill0079,31622.7766016838,2,Flopart,train,6,0,3,0,6
25,McGill0079,31622.7766016838,2,FPOP,train,6,1,3,0,6
25,McGill0079,31622.7766016838,2,Flopart,test,5,0,5,0,5
25,McGill0079,31622.7766016838,2,FPOP,test,5,0,5,0,5
25,McGill0079,1e+05,1,Flopart,train,5,0,5,0,5
25,McGill0079,1e+05,1,FPOP,train,5,0,5,0,5
25,McGill0079,1e+05,1,Flopart,test,6,0,3,0,6
25,McGill0079,1e+05,1,FPOP,test,6,0,3,0,6
25,McGill0079,1e+05,2,Flopart,train,6,0,3,0,6
25,McGill0079,1e+05,2,FPOP,train,6,0,3,0,6
25,McGill0079,1e+05,2,Flopart,test,5,0,5,0,5
25,McGill0079,1e+05,2,FPOP,test,5,0,5,0,5
