dataset,sample.id,pen,fold,model,set.i,possible.fp,fp,possible.fn,fn,labels
25,McGill0322,1e-05,1,Flopart,train,5,0,4,0,5
25,McGill0322,1e-05,1,FPOP,train,5,5,4,0,5
25,McGill0322,1e-05,1,Flopart,test,6,6,4,0,6
25,McGill0322,1e-05,1,FPOP,test,6,6,4,0,6
25,McGill0322,1e-05,2,Flopart,train,6,0,4,0,6
25,McGill0322,1e-05,2,FPOP,train,6,6,4,0,6
25,McGill0322,1e-05,2,Flopart,test,5,5,4,0,5
25,McGill0322,1e-05,2,FPOP,test,5,5,4,0,5
25,McGill0322,3.16227766016838e-05,1,Flopart,train,5,0,4,0,5
25,McGill0322,3.16227766016838e-05,1,FPOP,train,5,5,4,0,5
25,McGill0322,3.16227766016838e-05,1,Flopart,test,6,6,4,0,6
25,McGill0322,3.16227766016838e-05,1,FPOP,test,6,6,4,0,6
25,McGill0322,3.16227766016838e-05,2,Flopart,train,6,0,4,0,6
25,McGill0322,3.16227766016838e-05,2,FPOP,train,6,6,4,0,6
25,McGill0322,3.16227766016838e-05,2,Flopart,test,5,5,4,0,5
25,McGill0322,3.16227766016838e-05,2,FPOP,test,5,5,4,0,5
25,McGill0322,1e-04,1,Flopart,train,5,0,4,0,5
25,McGill0322,1e-04,1,FPOP,train,5,5,4,0,5
25,McGill0322,1e-04,1,Flopart,test,6,6,4,0,6
25,McGill0322,1e-04,1,FPOP,test,6,6,4,0,6
25,McGill0322,1e-04,2,Flopart,train,6,0,4,0,6
25,McGill0322,1e-04,2,FPOP,train,6,6,4,0,6
25,McGill0322,1e-04,2,Flopart,test,5,5,4,0,5
25,McGill0322,1e-04,2,FPOP,test,5,5,4,0,5
25,McGill0322,0.000316227766016838,1,Flopart,train,5,0,4,0,5
25,McGill0322,0.000316227766016838,1,FPOP,train,5,5,4,0,5
25,McGill0322,0.000316227766016838,1,Flopart,test,6,6,4,0,6
25,McGill0322,0.000316227766016838,1,FPOP,test,6,6,4,0,6
25,McGill0322,0.000316227766016838,2,Flopart,train,6,0,4,0,6
25,McGill0322,0.000316227766016838,2,FPOP,train,6,6,4,0,6
25,McGill0322,0.000316227766016838,2,Flopart,test,5,5,4,0,5
25,McGill0322,0.000316227766016838,2,FPOP,test,5,5,4,0,5
25,McGill0322,0.001,1,Flopart,train,5,0,4,0,5
25,McGill0322,0.001,1,FPOP,train,5,5,4,0,5
25,McGill0322,0.001,1,Flopart,test,6,6,4,0,6
25,McGill0322,0.001,1,FPOP,test,6,6,4,0,6
25,McGill0322,0.001,2,Flopart,train,6,0,4,0,6
25,McGill0322,0.001,2,FPOP,train,6,6,4,0,6
25,McGill0322,0.001,2,Flopart,test,5,5,4,0,5
25,McGill0322,0.001,2,FPOP,test,5,5,4,0,5
25,McGill0322,0.00316227766016838,1,Flopart,train,5,0,4,0,5
25,McGill0322,0.00316227766016838,1,FPOP,train,5,5,4,0,5
25,McGill0322,0.00316227766016838,1,Flopart,test,6,6,4,0,6
25,McGill0322,0.00316227766016838,1,FPOP,test,6,6,4,0,6
25,McGill0322,0.00316227766016838,2,Flopart,train,6,0,4,0,6
25,McGill0322,0.00316227766016838,2,FPOP,train,6,6,4,0,6
25,McGill0322,0.00316227766016838,2,Flopart,test,5,5,4,0,5
25,McGill0322,0.00316227766016838,2,FPOP,test,5,5,4,0,5
25,McGill0322,0.01,1,Flopart,train,5,0,4,0,5
25,McGill0322,0.01,1,FPOP,train,5,5,4,0,5
25,McGill0322,0.01,1,Flopart,test,6,6,4,0,6
25,McGill0322,0.01,1,FPOP,test,6,6,4,0,6
25,McGill0322,0.01,2,Flopart,train,6,0,4,0,6
25,McGill0322,0.01,2,FPOP,train,6,6,4,0,6
25,McGill0322,0.01,2,Flopart,test,5,5,4,0,5
25,McGill0322,0.01,2,FPOP,test,5,5,4,0,5
25,McGill0322,0.0316227766016838,1,Flopart,train,5,0,4,0,5
25,McGill0322,0.0316227766016838,1,FPOP,train,5,5,4,0,5
25,McGill0322,0.0316227766016838,1,Flopart,test,6,6,4,0,6
25,McGill0322,0.0316227766016838,1,FPOP,test,6,6,4,0,6
25,McGill0322,0.0316227766016838,2,Flopart,train,6,0,4,0,6
25,McGill0322,0.0316227766016838,2,FPOP,train,6,6,4,0,6
25,McGill0322,0.0316227766016838,2,Flopart,test,5,5,4,0,5
25,McGill0322,0.0316227766016838,2,FPOP,test,5,5,4,0,5
25,McGill0322,0.1,1,Flopart,train,5,0,4,0,5
25,McGill0322,0.1,1,FPOP,train,5,5,4,0,5
25,McGill0322,0.1,1,Flopart,test,6,6,4,0,6
25,McGill0322,0.1,1,FPOP,test,6,6,4,0,6
25,McGill0322,0.1,2,Flopart,train,6,0,4,0,6
25,McGill0322,0.1,2,FPOP,train,6,6,4,0,6
25,McGill0322,0.1,2,Flopart,test,5,5,4,0,5
25,McGill0322,0.1,2,FPOP,test,5,5,4,0,5
25,McGill0322,0.316227766016838,1,Flopart,train,5,0,4,0,5
25,McGill0322,0.316227766016838,1,FPOP,train,5,5,4,0,5
25,McGill0322,0.316227766016838,1,Flopart,test,6,6,4,0,6
25,McGill0322,0.316227766016838,1,FPOP,test,6,6,4,0,6
25,McGill0322,0.316227766016838,2,Flopart,train,6,0,4,0,6
25,McGill0322,0.316227766016838,2,FPOP,train,6,6,4,0,6
25,McGill0322,0.316227766016838,2,Flopart,test,5,5,4,0,5
25,McGill0322,0.316227766016838,2,FPOP,test,5,5,4,0,5
25,McGill0322,1,1,Flopart,train,5,0,4,0,5
25,McGill0322,1,1,FPOP,train,5,5,4,0,5
25,McGill0322,1,1,Flopart,test,6,6,4,0,6
25,McGill0322,1,1,FPOP,test,6,6,4,0,6
25,McGill0322,1,2,Flopart,train,6,0,4,0,6
25,McGill0322,1,2,FPOP,train,6,6,4,0,6
25,McGill0322,1,2,Flopart,test,5,5,4,0,5
25,McGill0322,1,2,FPOP,test,5,5,4,0,5
25,McGill0322,3.16227766016838,1,Flopart,train,5,0,4,0,5
25,McGill0322,3.16227766016838,1,FPOP,train,5,5,4,0,5
25,McGill0322,3.16227766016838,1,Flopart,test,6,6,4,0,6
25,McGill0322,3.16227766016838,1,FPOP,test,6,6,4,0,6
25,McGill0322,3.16227766016838,2,Flopart,train,6,0,4,0,6
25,McGill0322,3.16227766016838,2,FPOP,train,6,6,4,0,6
25,McGill0322,3.16227766016838,2,Flopart,test,5,5,4,0,5
25,McGill0322,3.16227766016838,2,FPOP,test,5,5,4,0,5
25,McGill0322,10,1,Flopart,train,5,0,4,0,5
25,McGill0322,10,1,FPOP,train,5,5,4,0,5
25,McGill0322,10,1,Flopart,test,6,6,4,0,6
25,McGill0322,10,1,FPOP,test,6,6,4,0,6
25,McGill0322,10,2,Flopart,train,6,0,4,0,6
25,McGill0322,10,2,FPOP,train,6,6,4,0,6
25,McGill0322,10,2,Flopart,test,5,5,4,0,5
25,McGill0322,10,2,FPOP,test,5,5,4,0,5
25,McGill0322,31.6227766016838,1,Flopart,train,5,0,4,0,5
25,McGill0322,31.6227766016838,1,FPOP,train,5,5,4,0,5
25,McGill0322,31.6227766016838,1,Flopart,test,6,6,4,0,6
25,McGill0322,31.6227766016838,1,FPOP,test,6,6,4,0,6
25,McGill0322,31.6227766016838,2,Flopart,train,6,0,4,0,6
25,McGill0322,31.6227766016838,2,FPOP,train,6,6,4,0,6
25,McGill0322,31.6227766016838,2,Flopart,test,5,5,4,0,5
25,McGill0322,31.6227766016838,2,FPOP,test,5,5,4,0,5
25,McGill0322,100,1,Flopart,train,5,0,4,0,5
25,McGill0322,100,1,FPOP,train,5,5,4,0,5
25,McGill0322,100,1,Flopart,test,6,6,4,0,6
25,McGill0322,100,1,FPOP,test,6,6,4,0,6
25,McGill0322,100,2,Flopart,train,6,0,4,0,6
25,McGill0322,100,2,FPOP,train,6,6,4,0,6
25,McGill0322,100,2,Flopart,test,5,5,4,0,5
25,McGill0322,100,2,FPOP,test,5,5,4,0,5
25,McGill0322,316.227766016838,1,Flopart,train,5,0,4,0,5
25,McGill0322,316.227766016838,1,FPOP,train,5,5,4,0,5
25,McGill0322,316.227766016838,1,Flopart,test,6,6,4,0,6
25,McGill0322,316.227766016838,1,FPOP,test,6,6,4,0,6
25,McGill0322,316.227766016838,2,Flopart,train,6,0,4,0,6
25,McGill0322,316.227766016838,2,FPOP,train,6,6,4,0,6
25,McGill0322,316.227766016838,2,Flopart,test,5,5,4,0,5
25,McGill0322,316.227766016838,2,FPOP,test,5,5,4,0,5
25,McGill0322,1000,1,Flopart,train,5,0,4,0,5
25,McGill0322,1000,1,FPOP,train,5,5,4,0,5
25,McGill0322,1000,1,Flopart,test,6,5,4,0,6
25,McGill0322,1000,1,FPOP,test,6,5,4,0,6
25,McGill0322,1000,2,Flopart,train,6,0,4,0,6
25,McGill0322,1000,2,FPOP,train,6,5,4,0,6
25,McGill0322,1000,2,Flopart,test,5,4,4,0,5
25,McGill0322,1000,2,FPOP,test,5,5,4,0,5
25,McGill0322,3162.27766016838,1,Flopart,train,5,0,4,0,5
25,McGill0322,3162.27766016838,1,FPOP,train,5,4,4,0,5
25,McGill0322,3162.27766016838,1,Flopart,test,6,4,4,0,6
25,McGill0322,3162.27766016838,1,FPOP,test,6,4,4,0,6
25,McGill0322,3162.27766016838,2,Flopart,train,6,0,4,0,6
25,McGill0322,3162.27766016838,2,FPOP,train,6,4,4,0,6
25,McGill0322,3162.27766016838,2,Flopart,test,5,4,4,0,5
25,McGill0322,3162.27766016838,2,FPOP,test,5,4,4,0,5
25,McGill0322,10000,1,Flopart,train,5,0,4,0,5
25,McGill0322,10000,1,FPOP,train,5,2,4,0,5
25,McGill0322,10000,1,Flopart,test,6,2,4,0,6
25,McGill0322,10000,1,FPOP,test,6,2,4,0,6
25,McGill0322,10000,2,Flopart,train,6,0,4,0,6
25,McGill0322,10000,2,FPOP,train,6,2,4,0,6
25,McGill0322,10000,2,Flopart,test,5,0,4,0,5
25,McGill0322,10000,2,FPOP,test,5,2,4,0,5
25,McGill0322,31622.7766016838,1,Flopart,train,5,0,4,0,5
25,McGill0322,31622.7766016838,1,FPOP,train,5,0,4,0,5
25,McGill0322,31622.7766016838,1,Flopart,test,6,0,4,0,6
25,McGill0322,31622.7766016838,1,FPOP,test,6,0,4,0,6
25,McGill0322,31622.7766016838,2,Flopart,train,6,0,4,0,6
25,McGill0322,31622.7766016838,2,FPOP,train,6,0,4,0,6
25,McGill0322,31622.7766016838,2,Flopart,test,5,0,4,0,5
25,McGill0322,31622.7766016838,2,FPOP,test,5,0,4,0,5
25,McGill0322,1e+05,1,Flopart,train,5,0,4,0,5
25,McGill0322,1e+05,1,FPOP,train,5,0,4,0,5
25,McGill0322,1e+05,1,Flopart,test,6,0,4,0,6
25,McGill0322,1e+05,1,FPOP,test,6,0,4,0,6
25,McGill0322,1e+05,2,Flopart,train,6,0,4,0,6
25,McGill0322,1e+05,2,FPOP,train,6,0,4,0,6
25,McGill0322,1e+05,2,Flopart,test,5,0,4,0,5
25,McGill0322,1e+05,2,FPOP,test,5,0,4,0,5
