dataset,sample.id,pen,fold,model,set.i,possible.fp,fp,possible.fn,fn,labels
30,McGill0036,1e-05,1,Flopart,train,3,0,2,0,3
30,McGill0036,1e-05,1,FPOP,train,3,3,2,0,3
30,McGill0036,1e-05,1,Flopart,test,4,4,2,0,4
30,McGill0036,1e-05,1,FPOP,test,4,4,2,0,4
30,McGill0036,1e-05,2,Flopart,train,4,0,2,0,4
30,McGill0036,1e-05,2,FPOP,train,4,4,2,0,4
30,McGill0036,1e-05,2,Flopart,test,3,3,2,0,3
30,McGill0036,1e-05,2,FPOP,test,3,3,2,0,3
30,McGill0036,3.16227766016838e-05,1,Flopart,train,3,0,2,0,3
30,McGill0036,3.16227766016838e-05,1,FPOP,train,3,3,2,0,3
30,McGill0036,3.16227766016838e-05,1,Flopart,test,4,4,2,0,4
30,McGill0036,3.16227766016838e-05,1,FPOP,test,4,4,2,0,4
30,McGill0036,3.16227766016838e-05,2,Flopart,train,4,0,2,0,4
30,McGill0036,3.16227766016838e-05,2,FPOP,train,4,4,2,0,4
30,McGill0036,3.16227766016838e-05,2,Flopart,test,3,3,2,0,3
30,McGill0036,3.16227766016838e-05,2,FPOP,test,3,3,2,0,3
30,McGill0036,1e-04,1,Flopart,train,3,0,2,0,3
30,McGill0036,1e-04,1,FPOP,train,3,3,2,0,3
30,McGill0036,1e-04,1,Flopart,test,4,4,2,0,4
30,McGill0036,1e-04,1,FPOP,test,4,4,2,0,4
30,McGill0036,1e-04,2,Flopart,train,4,0,2,0,4
30,McGill0036,1e-04,2,FPOP,train,4,4,2,0,4
30,McGill0036,1e-04,2,Flopart,test,3,3,2,0,3
30,McGill0036,1e-04,2,FPOP,test,3,3,2,0,3
30,McGill0036,0.000316227766016838,1,Flopart,train,3,0,2,0,3
30,McGill0036,0.000316227766016838,1,FPOP,train,3,3,2,0,3
30,McGill0036,0.000316227766016838,1,Flopart,test,4,4,2,0,4
30,McGill0036,0.000316227766016838,1,FPOP,test,4,4,2,0,4
30,McGill0036,0.000316227766016838,2,Flopart,train,4,0,2,0,4
30,McGill0036,0.000316227766016838,2,FPOP,train,4,4,2,0,4
30,McGill0036,0.000316227766016838,2,Flopart,test,3,3,2,0,3
30,McGill0036,0.000316227766016838,2,FPOP,test,3,3,2,0,3
30,McGill0036,0.001,1,Flopart,train,3,0,2,0,3
30,McGill0036,0.001,1,FPOP,train,3,3,2,0,3
30,McGill0036,0.001,1,Flopart,test,4,4,2,0,4
30,McGill0036,0.001,1,FPOP,test,4,4,2,0,4
30,McGill0036,0.001,2,Flopart,train,4,0,2,0,4
30,McGill0036,0.001,2,FPOP,train,4,4,2,0,4
30,McGill0036,0.001,2,Flopart,test,3,3,2,0,3
30,McGill0036,0.001,2,FPOP,test,3,3,2,0,3
30,McGill0036,0.00316227766016838,1,Flopart,train,3,0,2,0,3
30,McGill0036,0.00316227766016838,1,FPOP,train,3,3,2,0,3
30,McGill0036,0.00316227766016838,1,Flopart,test,4,4,2,0,4
30,McGill0036,0.00316227766016838,1,FPOP,test,4,4,2,0,4
30,McGill0036,0.00316227766016838,2,Flopart,train,4,0,2,0,4
30,McGill0036,0.00316227766016838,2,FPOP,train,4,4,2,0,4
30,McGill0036,0.00316227766016838,2,Flopart,test,3,3,2,0,3
30,McGill0036,0.00316227766016838,2,FPOP,test,3,3,2,0,3
30,McGill0036,0.01,1,Flopart,train,3,0,2,0,3
30,McGill0036,0.01,1,FPOP,train,3,3,2,0,3
30,McGill0036,0.01,1,Flopart,test,4,4,2,0,4
30,McGill0036,0.01,1,FPOP,test,4,4,2,0,4
30,McGill0036,0.01,2,Flopart,train,4,0,2,0,4
30,McGill0036,0.01,2,FPOP,train,4,4,2,0,4
30,McGill0036,0.01,2,Flopart,test,3,3,2,0,3
30,McGill0036,0.01,2,FPOP,test,3,3,2,0,3
30,McGill0036,0.0316227766016838,1,Flopart,train,3,0,2,0,3
30,McGill0036,0.0316227766016838,1,FPOP,train,3,3,2,0,3
30,McGill0036,0.0316227766016838,1,Flopart,test,4,4,2,0,4
30,McGill0036,0.0316227766016838,1,FPOP,test,4,4,2,0,4
30,McGill0036,0.0316227766016838,2,Flopart,train,4,0,2,0,4
30,McGill0036,0.0316227766016838,2,FPOP,train,4,4,2,0,4
30,McGill0036,0.0316227766016838,2,Flopart,test,3,3,2,0,3
30,McGill0036,0.0316227766016838,2,FPOP,test,3,3,2,0,3
30,McGill0036,0.1,1,Flopart,train,3,0,2,0,3
30,McGill0036,0.1,1,FPOP,train,3,3,2,0,3
30,McGill0036,0.1,1,Flopart,test,4,4,2,0,4
30,McGill0036,0.1,1,FPOP,test,4,4,2,0,4
30,McGill0036,0.1,2,Flopart,train,4,0,2,0,4
30,McGill0036,0.1,2,FPOP,train,4,4,2,0,4
30,McGill0036,0.1,2,Flopart,test,3,3,2,0,3
30,McGill0036,0.1,2,FPOP,test,3,3,2,0,3
30,McGill0036,0.316227766016838,1,Flopart,train,3,0,2,0,3
30,McGill0036,0.316227766016838,1,FPOP,train,3,3,2,0,3
30,McGill0036,0.316227766016838,1,Flopart,test,4,4,2,0,4
30,McGill0036,0.316227766016838,1,FPOP,test,4,4,2,0,4
30,McGill0036,0.316227766016838,2,Flopart,train,4,0,2,0,4
30,McGill0036,0.316227766016838,2,FPOP,train,4,4,2,0,4
30,McGill0036,0.316227766016838,2,Flopart,test,3,3,2,0,3
30,McGill0036,0.316227766016838,2,FPOP,test,3,3,2,0,3
30,McGill0036,1,1,Flopart,train,3,0,2,0,3
30,McGill0036,1,1,FPOP,train,3,3,2,0,3
30,McGill0036,1,1,Flopart,test,4,4,2,0,4
30,McGill0036,1,1,FPOP,test,4,4,2,0,4
30,McGill0036,1,2,Flopart,train,4,0,2,0,4
30,McGill0036,1,2,FPOP,train,4,4,2,0,4
30,McGill0036,1,2,Flopart,test,3,3,2,0,3
30,McGill0036,1,2,FPOP,test,3,3,2,0,3
30,McGill0036,3.16227766016838,1,Flopart,train,3,0,2,0,3
30,McGill0036,3.16227766016838,1,FPOP,train,3,3,2,0,3
30,McGill0036,3.16227766016838,1,Flopart,test,4,4,2,0,4
30,McGill0036,3.16227766016838,1,FPOP,test,4,4,2,0,4
30,McGill0036,3.16227766016838,2,Flopart,train,4,0,2,0,4
30,McGill0036,3.16227766016838,2,FPOP,train,4,4,2,0,4
30,McGill0036,3.16227766016838,2,Flopart,test,3,3,2,0,3
30,McGill0036,3.16227766016838,2,FPOP,test,3,3,2,0,3
30,McGill0036,10,1,Flopart,train,3,0,2,0,3
30,McGill0036,10,1,FPOP,train,3,3,2,0,3
30,McGill0036,10,1,Flopart,test,4,4,2,0,4
30,McGill0036,10,1,FPOP,test,4,4,2,0,4
30,McGill0036,10,2,Flopart,train,4,0,2,0,4
30,McGill0036,10,2,FPOP,train,4,4,2,0,4
30,McGill0036,10,2,Flopart,test,3,3,2,0,3
30,McGill0036,10,2,FPOP,test,3,3,2,0,3
30,McGill0036,31.6227766016838,1,Flopart,train,3,0,2,0,3
30,McGill0036,31.6227766016838,1,FPOP,train,3,3,2,0,3
30,McGill0036,31.6227766016838,1,Flopart,test,4,4,2,0,4
30,McGill0036,31.6227766016838,1,FPOP,test,4,4,2,0,4
30,McGill0036,31.6227766016838,2,Flopart,train,4,0,2,0,4
30,McGill0036,31.6227766016838,2,FPOP,train,4,4,2,0,4
30,McGill0036,31.6227766016838,2,Flopart,test,3,3,2,0,3
30,McGill0036,31.6227766016838,2,FPOP,test,3,3,2,0,3
30,McGill0036,100,1,Flopart,train,3,0,2,0,3
30,McGill0036,100,1,FPOP,train,3,3,2,0,3
30,McGill0036,100,1,Flopart,test,4,4,2,0,4
30,McGill0036,100,1,FPOP,test,4,4,2,0,4
30,McGill0036,100,2,Flopart,train,4,0,2,0,4
30,McGill0036,100,2,FPOP,train,4,4,2,0,4
30,McGill0036,100,2,Flopart,test,3,3,2,0,3
30,McGill0036,100,2,FPOP,test,3,3,2,0,3
30,McGill0036,316.227766016838,1,Flopart,train,3,0,2,0,3
30,McGill0036,316.227766016838,1,FPOP,train,3,3,2,0,3
30,McGill0036,316.227766016838,1,Flopart,test,4,4,2,0,4
30,McGill0036,316.227766016838,1,FPOP,test,4,4,2,0,4
30,McGill0036,316.227766016838,2,Flopart,train,4,0,2,0,4
30,McGill0036,316.227766016838,2,FPOP,train,4,4,2,0,4
30,McGill0036,316.227766016838,2,Flopart,test,3,3,2,0,3
30,McGill0036,316.227766016838,2,FPOP,test,3,3,2,0,3
30,McGill0036,1000,1,Flopart,train,3,0,2,0,3
30,McGill0036,1000,1,FPOP,train,3,3,2,0,3
30,McGill0036,1000,1,Flopart,test,4,4,2,0,4
30,McGill0036,1000,1,FPOP,test,4,4,2,0,4
30,McGill0036,1000,2,Flopart,train,4,0,2,0,4
30,McGill0036,1000,2,FPOP,train,4,4,2,0,4
30,McGill0036,1000,2,Flopart,test,3,3,2,0,3
30,McGill0036,1000,2,FPOP,test,3,3,2,0,3
30,McGill0036,3162.27766016838,1,Flopart,train,3,0,2,0,3
30,McGill0036,3162.27766016838,1,FPOP,train,3,3,2,0,3
30,McGill0036,3162.27766016838,1,Flopart,test,4,1,2,0,4
30,McGill0036,3162.27766016838,1,FPOP,test,4,2,2,0,4
30,McGill0036,3162.27766016838,2,Flopart,train,4,0,2,0,4
30,McGill0036,3162.27766016838,2,FPOP,train,4,2,2,0,4
30,McGill0036,3162.27766016838,2,Flopart,test,3,2,2,0,3
30,McGill0036,3162.27766016838,2,FPOP,test,3,3,2,0,3
30,McGill0036,10000,1,Flopart,train,3,0,2,0,3
30,McGill0036,10000,1,FPOP,train,3,2,2,0,3
30,McGill0036,10000,1,Flopart,test,4,0,2,0,4
30,McGill0036,10000,1,FPOP,test,4,0,2,0,4
30,McGill0036,10000,2,Flopart,train,4,0,2,0,4
30,McGill0036,10000,2,FPOP,train,4,0,2,0,4
30,McGill0036,10000,2,Flopart,test,3,0,2,0,3
30,McGill0036,10000,2,FPOP,test,3,2,2,0,3
30,McGill0036,31622.7766016838,1,Flopart,train,3,0,2,0,3
30,McGill0036,31622.7766016838,1,FPOP,train,3,0,2,0,3
30,McGill0036,31622.7766016838,1,Flopart,test,4,0,2,0,4
30,McGill0036,31622.7766016838,1,FPOP,test,4,0,2,0,4
30,McGill0036,31622.7766016838,2,Flopart,train,4,0,2,0,4
30,McGill0036,31622.7766016838,2,FPOP,train,4,0,2,0,4
30,McGill0036,31622.7766016838,2,Flopart,test,3,0,2,0,3
30,McGill0036,31622.7766016838,2,FPOP,test,3,0,2,0,3
30,McGill0036,1e+05,1,Flopart,train,3,0,2,0,3
30,McGill0036,1e+05,1,FPOP,train,3,0,2,0,3
30,McGill0036,1e+05,1,Flopart,test,4,0,2,0,4
30,McGill0036,1e+05,1,FPOP,test,4,0,2,0,4
30,McGill0036,1e+05,2,Flopart,train,4,0,2,0,4
30,McGill0036,1e+05,2,FPOP,train,4,0,2,0,4
30,McGill0036,1e+05,2,Flopart,test,3,0,2,0,3
30,McGill0036,1e+05,2,FPOP,test,3,0,2,0,3
