dataset,sample.id,pen,fold,model,set.i,possible.fp,fp,possible.fn,fn,labels
37,McGill0008,1e-05,1,Flopart,train,4,0,3,0,4
37,McGill0008,1e-05,1,FPOP,train,4,4,3,0,4
37,McGill0008,1e-05,1,Flopart,test,5,5,4,0,5
37,McGill0008,1e-05,1,FPOP,test,5,5,4,0,5
37,McGill0008,1e-05,2,Flopart,train,5,0,4,0,5
37,McGill0008,1e-05,2,FPOP,train,5,5,4,0,5
37,McGill0008,1e-05,2,Flopart,test,4,4,3,0,4
37,McGill0008,1e-05,2,FPOP,test,4,4,3,0,4
37,McGill0008,3.16227766016838e-05,1,Flopart,train,4,0,3,0,4
37,McGill0008,3.16227766016838e-05,1,FPOP,train,4,4,3,0,4
37,McGill0008,3.16227766016838e-05,1,Flopart,test,5,5,4,0,5
37,McGill0008,3.16227766016838e-05,1,FPOP,test,5,5,4,0,5
37,McGill0008,3.16227766016838e-05,2,Flopart,train,5,0,4,0,5
37,McGill0008,3.16227766016838e-05,2,FPOP,train,5,5,4,0,5
37,McGill0008,3.16227766016838e-05,2,Flopart,test,4,4,3,0,4
37,McGill0008,3.16227766016838e-05,2,FPOP,test,4,4,3,0,4
37,McGill0008,1e-04,1,Flopart,train,4,0,3,0,4
37,McGill0008,1e-04,1,FPOP,train,4,4,3,0,4
37,McGill0008,1e-04,1,Flopart,test,5,5,4,0,5
37,McGill0008,1e-04,1,FPOP,test,5,5,4,0,5
37,McGill0008,1e-04,2,Flopart,train,5,0,4,0,5
37,McGill0008,1e-04,2,FPOP,train,5,5,4,0,5
37,McGill0008,1e-04,2,Flopart,test,4,4,3,0,4
37,McGill0008,1e-04,2,FPOP,test,4,4,3,0,4
37,McGill0008,0.000316227766016838,1,Flopart,train,4,0,3,0,4
37,McGill0008,0.000316227766016838,1,FPOP,train,4,4,3,0,4
37,McGill0008,0.000316227766016838,1,Flopart,test,5,5,4,0,5
37,McGill0008,0.000316227766016838,1,FPOP,test,5,5,4,0,5
37,McGill0008,0.000316227766016838,2,Flopart,train,5,0,4,0,5
37,McGill0008,0.000316227766016838,2,FPOP,train,5,5,4,0,5
37,McGill0008,0.000316227766016838,2,Flopart,test,4,4,3,0,4
37,McGill0008,0.000316227766016838,2,FPOP,test,4,4,3,0,4
37,McGill0008,0.001,1,Flopart,train,4,0,3,0,4
37,McGill0008,0.001,1,FPOP,train,4,4,3,0,4
37,McGill0008,0.001,1,Flopart,test,5,5,4,0,5
37,McGill0008,0.001,1,FPOP,test,5,5,4,0,5
37,McGill0008,0.001,2,Flopart,train,5,0,4,0,5
37,McGill0008,0.001,2,FPOP,train,5,5,4,0,5
37,McGill0008,0.001,2,Flopart,test,4,4,3,0,4
37,McGill0008,0.001,2,FPOP,test,4,4,3,0,4
37,McGill0008,0.00316227766016838,1,Flopart,train,4,0,3,0,4
37,McGill0008,0.00316227766016838,1,FPOP,train,4,4,3,0,4
37,McGill0008,0.00316227766016838,1,Flopart,test,5,5,4,0,5
37,McGill0008,0.00316227766016838,1,FPOP,test,5,5,4,0,5
37,McGill0008,0.00316227766016838,2,Flopart,train,5,0,4,0,5
37,McGill0008,0.00316227766016838,2,FPOP,train,5,5,4,0,5
37,McGill0008,0.00316227766016838,2,Flopart,test,4,4,3,0,4
37,McGill0008,0.00316227766016838,2,FPOP,test,4,4,3,0,4
37,McGill0008,0.01,1,Flopart,train,4,0,3,0,4
37,McGill0008,0.01,1,FPOP,train,4,4,3,0,4
37,McGill0008,0.01,1,Flopart,test,5,5,4,0,5
37,McGill0008,0.01,1,FPOP,test,5,5,4,0,5
37,McGill0008,0.01,2,Flopart,train,5,0,4,0,5
37,McGill0008,0.01,2,FPOP,train,5,5,4,0,5
37,McGill0008,0.01,2,Flopart,test,4,4,3,0,4
37,McGill0008,0.01,2,FPOP,test,4,4,3,0,4
37,McGill0008,0.0316227766016838,1,Flopart,train,4,0,3,0,4
37,McGill0008,0.0316227766016838,1,FPOP,train,4,4,3,0,4
37,McGill0008,0.0316227766016838,1,Flopart,test,5,5,4,0,5
37,McGill0008,0.0316227766016838,1,FPOP,test,5,5,4,0,5
37,McGill0008,0.0316227766016838,2,Flopart,train,5,0,4,0,5
37,McGill0008,0.0316227766016838,2,FPOP,train,5,5,4,0,5
37,McGill0008,0.0316227766016838,2,Flopart,test,4,4,3,0,4
37,McGill0008,0.0316227766016838,2,FPOP,test,4,4,3,0,4
37,McGill0008,0.1,1,Flopart,train,4,0,3,0,4
37,McGill0008,0.1,1,FPOP,train,4,4,3,0,4
37,McGill0008,0.1,1,Flopart,test,5,5,4,0,5
37,McGill0008,0.1,1,FPOP,test,5,5,4,0,5
37,McGill0008,0.1,2,Flopart,train,5,0,4,0,5
37,McGill0008,0.1,2,FPOP,train,5,5,4,0,5
37,McGill0008,0.1,2,Flopart,test,4,4,3,0,4
37,McGill0008,0.1,2,FPOP,test,4,4,3,0,4
37,McGill0008,0.316227766016838,1,Flopart,train,4,0,3,0,4
37,McGill0008,0.316227766016838,1,FPOP,train,4,4,3,0,4
37,McGill0008,0.316227766016838,1,Flopart,test,5,5,4,0,5
37,McGill0008,0.316227766016838,1,FPOP,test,5,5,4,0,5
37,McGill0008,0.316227766016838,2,Flopart,train,5,0,4,0,5
37,McGill0008,0.316227766016838,2,FPOP,train,5,5,4,0,5
37,McGill0008,0.316227766016838,2,Flopart,test,4,4,3,0,4
37,McGill0008,0.316227766016838,2,FPOP,test,4,4,3,0,4
37,McGill0008,1,1,Flopart,train,4,0,3,0,4
37,McGill0008,1,1,FPOP,train,4,4,3,0,4
37,McGill0008,1,1,Flopart,test,5,5,4,0,5
37,McGill0008,1,1,FPOP,test,5,5,4,0,5
37,McGill0008,1,2,Flopart,train,5,0,4,0,5
37,McGill0008,1,2,FPOP,train,5,5,4,0,5
37,McGill0008,1,2,Flopart,test,4,4,3,0,4
37,McGill0008,1,2,FPOP,test,4,4,3,0,4
37,McGill0008,3.16227766016838,1,Flopart,train,4,0,3,0,4
37,McGill0008,3.16227766016838,1,FPOP,train,4,4,3,0,4
37,McGill0008,3.16227766016838,1,Flopart,test,5,5,4,0,5
37,McGill0008,3.16227766016838,1,FPOP,test,5,5,4,0,5
37,McGill0008,3.16227766016838,2,Flopart,train,5,0,4,0,5
37,McGill0008,3.16227766016838,2,FPOP,train,5,5,4,0,5
37,McGill0008,3.16227766016838,2,Flopart,test,4,4,3,0,4
37,McGill0008,3.16227766016838,2,FPOP,test,4,4,3,0,4
37,McGill0008,10,1,Flopart,train,4,0,3,0,4
37,McGill0008,10,1,FPOP,train,4,4,3,0,4
37,McGill0008,10,1,Flopart,test,5,5,4,0,5
37,McGill0008,10,1,FPOP,test,5,5,4,0,5
37,McGill0008,10,2,Flopart,train,5,0,4,0,5
37,McGill0008,10,2,FPOP,train,5,5,4,0,5
37,McGill0008,10,2,Flopart,test,4,4,3,0,4
37,McGill0008,10,2,FPOP,test,4,4,3,0,4
37,McGill0008,31.6227766016838,1,Flopart,train,4,0,3,0,4
37,McGill0008,31.6227766016838,1,FPOP,train,4,4,3,0,4
37,McGill0008,31.6227766016838,1,Flopart,test,5,5,4,0,5
37,McGill0008,31.6227766016838,1,FPOP,test,5,5,4,0,5
37,McGill0008,31.6227766016838,2,Flopart,train,5,0,4,0,5
37,McGill0008,31.6227766016838,2,FPOP,train,5,5,4,0,5
37,McGill0008,31.6227766016838,2,Flopart,test,4,4,3,0,4
37,McGill0008,31.6227766016838,2,FPOP,test,4,4,3,0,4
37,McGill0008,100,1,Flopart,train,4,0,3,0,4
37,McGill0008,100,1,FPOP,train,4,4,3,0,4
37,McGill0008,100,1,Flopart,test,5,5,4,0,5
37,McGill0008,100,1,FPOP,test,5,5,4,0,5
37,McGill0008,100,2,Flopart,train,5,0,4,0,5
37,McGill0008,100,2,FPOP,train,5,5,4,0,5
37,McGill0008,100,2,Flopart,test,4,4,3,0,4
37,McGill0008,100,2,FPOP,test,4,4,3,0,4
37,McGill0008,316.227766016838,1,Flopart,train,4,0,3,0,4
37,McGill0008,316.227766016838,1,FPOP,train,4,4,3,0,4
37,McGill0008,316.227766016838,1,Flopart,test,5,4,4,0,5
37,McGill0008,316.227766016838,1,FPOP,test,5,5,4,0,5
37,McGill0008,316.227766016838,2,Flopart,train,5,0,4,0,5
37,McGill0008,316.227766016838,2,FPOP,train,5,5,4,0,5
37,McGill0008,316.227766016838,2,Flopart,test,4,2,3,0,4
37,McGill0008,316.227766016838,2,FPOP,test,4,4,3,0,4
37,McGill0008,1000,1,Flopart,train,4,0,3,0,4
37,McGill0008,1000,1,FPOP,train,4,0,3,1,4
37,McGill0008,1000,1,Flopart,test,5,2,4,0,5
37,McGill0008,1000,1,FPOP,test,5,3,4,0,5
37,McGill0008,1000,2,Flopart,train,5,0,4,0,5
37,McGill0008,1000,2,FPOP,train,5,3,4,0,5
37,McGill0008,1000,2,Flopart,test,4,0,3,1,4
37,McGill0008,1000,2,FPOP,test,4,0,3,1,4
37,McGill0008,3162.27766016838,1,Flopart,train,4,0,3,0,4
37,McGill0008,3162.27766016838,1,FPOP,train,4,0,3,1,4
37,McGill0008,3162.27766016838,1,Flopart,test,5,0,4,0,5
37,McGill0008,3162.27766016838,1,FPOP,test,5,1,4,0,5
37,McGill0008,3162.27766016838,2,Flopart,train,5,0,4,0,5
37,McGill0008,3162.27766016838,2,FPOP,train,5,1,4,0,5
37,McGill0008,3162.27766016838,2,Flopart,test,4,0,3,1,4
37,McGill0008,3162.27766016838,2,FPOP,test,4,0,3,1,4
37,McGill0008,10000,1,Flopart,train,4,0,3,0,4
37,McGill0008,10000,1,FPOP,train,4,0,3,1,4
37,McGill0008,10000,1,Flopart,test,5,0,4,0,5
37,McGill0008,10000,1,FPOP,test,5,0,4,0,5
37,McGill0008,10000,2,Flopart,train,5,0,4,0,5
37,McGill0008,10000,2,FPOP,train,5,0,4,0,5
37,McGill0008,10000,2,Flopart,test,4,0,3,1,4
37,McGill0008,10000,2,FPOP,test,4,0,3,1,4
37,McGill0008,31622.7766016838,1,Flopart,train,4,0,3,0,4
37,McGill0008,31622.7766016838,1,FPOP,train,4,0,3,1,4
37,McGill0008,31622.7766016838,1,Flopart,test,5,0,4,3,5
37,McGill0008,31622.7766016838,1,FPOP,test,5,0,4,2,5
37,McGill0008,31622.7766016838,2,Flopart,train,5,0,4,0,5
37,McGill0008,31622.7766016838,2,FPOP,train,5,0,4,2,5
37,McGill0008,31622.7766016838,2,Flopart,test,4,0,3,3,4
37,McGill0008,31622.7766016838,2,FPOP,test,4,0,3,1,4
37,McGill0008,1e+05,1,Flopart,train,4,0,3,0,4
37,McGill0008,1e+05,1,FPOP,train,4,0,3,3,4
37,McGill0008,1e+05,1,Flopart,test,5,0,4,3,5
37,McGill0008,1e+05,1,FPOP,test,5,0,4,2,5
37,McGill0008,1e+05,2,Flopart,train,5,0,4,0,5
37,McGill0008,1e+05,2,FPOP,train,5,0,4,2,5
37,McGill0008,1e+05,2,Flopart,test,4,0,3,3,4
37,McGill0008,1e+05,2,FPOP,test,4,0,3,3,4
