dataset,sample.id,pen,fold,model,set.i,possible.fp,fp,possible.fn,fn,labels
61,McGill0106,1e-05,1,Flopart,train,4,0,4,0,4
61,McGill0106,1e-05,1,FPOP,train,4,4,4,0,4
61,McGill0106,1e-05,1,Flopart,test,5,5,4,0,5
61,McGill0106,1e-05,1,FPOP,test,5,5,4,0,5
61,McGill0106,1e-05,2,Flopart,train,5,0,4,0,5
61,McGill0106,1e-05,2,FPOP,train,5,5,4,0,5
61,McGill0106,1e-05,2,Flopart,test,4,4,4,0,4
61,McGill0106,1e-05,2,FPOP,test,4,4,4,0,4
61,McGill0106,3.16227766016838e-05,1,Flopart,train,4,0,4,0,4
61,McGill0106,3.16227766016838e-05,1,FPOP,train,4,4,4,0,4
61,McGill0106,3.16227766016838e-05,1,Flopart,test,5,5,4,0,5
61,McGill0106,3.16227766016838e-05,1,FPOP,test,5,5,4,0,5
61,McGill0106,3.16227766016838e-05,2,Flopart,train,5,0,4,0,5
61,McGill0106,3.16227766016838e-05,2,FPOP,train,5,5,4,0,5
61,McGill0106,3.16227766016838e-05,2,Flopart,test,4,4,4,0,4
61,McGill0106,3.16227766016838e-05,2,FPOP,test,4,4,4,0,4
61,McGill0106,1e-04,1,Flopart,train,4,0,4,0,4
61,McGill0106,1e-04,1,FPOP,train,4,4,4,0,4
61,McGill0106,1e-04,1,Flopart,test,5,5,4,0,5
61,McGill0106,1e-04,1,FPOP,test,5,5,4,0,5
61,McGill0106,1e-04,2,Flopart,train,5,0,4,0,5
61,McGill0106,1e-04,2,FPOP,train,5,5,4,0,5
61,McGill0106,1e-04,2,Flopart,test,4,4,4,0,4
61,McGill0106,1e-04,2,FPOP,test,4,4,4,0,4
61,McGill0106,0.000316227766016838,1,Flopart,train,4,0,4,0,4
61,McGill0106,0.000316227766016838,1,FPOP,train,4,4,4,0,4
61,McGill0106,0.000316227766016838,1,Flopart,test,5,5,4,0,5
61,McGill0106,0.000316227766016838,1,FPOP,test,5,5,4,0,5
61,McGill0106,0.000316227766016838,2,Flopart,train,5,0,4,0,5
61,McGill0106,0.000316227766016838,2,FPOP,train,5,5,4,0,5
61,McGill0106,0.000316227766016838,2,Flopart,test,4,4,4,0,4
61,McGill0106,0.000316227766016838,2,FPOP,test,4,4,4,0,4
61,McGill0106,0.001,1,Flopart,train,4,0,4,0,4
61,McGill0106,0.001,1,FPOP,train,4,4,4,0,4
61,McGill0106,0.001,1,Flopart,test,5,5,4,0,5
61,McGill0106,0.001,1,FPOP,test,5,5,4,0,5
61,McGill0106,0.001,2,Flopart,train,5,0,4,0,5
61,McGill0106,0.001,2,FPOP,train,5,5,4,0,5
61,McGill0106,0.001,2,Flopart,test,4,4,4,0,4
61,McGill0106,0.001,2,FPOP,test,4,4,4,0,4
61,McGill0106,0.00316227766016838,1,Flopart,train,4,0,4,0,4
61,McGill0106,0.00316227766016838,1,FPOP,train,4,4,4,0,4
61,McGill0106,0.00316227766016838,1,Flopart,test,5,5,4,0,5
61,McGill0106,0.00316227766016838,1,FPOP,test,5,5,4,0,5
61,McGill0106,0.00316227766016838,2,Flopart,train,5,0,4,0,5
61,McGill0106,0.00316227766016838,2,FPOP,train,5,5,4,0,5
61,McGill0106,0.00316227766016838,2,Flopart,test,4,4,4,0,4
61,McGill0106,0.00316227766016838,2,FPOP,test,4,4,4,0,4
61,McGill0106,0.01,1,Flopart,train,4,0,4,0,4
61,McGill0106,0.01,1,FPOP,train,4,4,4,0,4
61,McGill0106,0.01,1,Flopart,test,5,5,4,0,5
61,McGill0106,0.01,1,FPOP,test,5,5,4,0,5
61,McGill0106,0.01,2,Flopart,train,5,0,4,0,5
61,McGill0106,0.01,2,FPOP,train,5,5,4,0,5
61,McGill0106,0.01,2,Flopart,test,4,4,4,0,4
61,McGill0106,0.01,2,FPOP,test,4,4,4,0,4
61,McGill0106,0.0316227766016838,1,Flopart,train,4,0,4,0,4
61,McGill0106,0.0316227766016838,1,FPOP,train,4,4,4,0,4
61,McGill0106,0.0316227766016838,1,Flopart,test,5,5,4,0,5
61,McGill0106,0.0316227766016838,1,FPOP,test,5,5,4,0,5
61,McGill0106,0.0316227766016838,2,Flopart,train,5,0,4,0,5
61,McGill0106,0.0316227766016838,2,FPOP,train,5,5,4,0,5
61,McGill0106,0.0316227766016838,2,Flopart,test,4,4,4,0,4
61,McGill0106,0.0316227766016838,2,FPOP,test,4,4,4,0,4
61,McGill0106,0.1,1,Flopart,train,4,0,4,0,4
61,McGill0106,0.1,1,FPOP,train,4,4,4,0,4
61,McGill0106,0.1,1,Flopart,test,5,5,4,0,5
61,McGill0106,0.1,1,FPOP,test,5,5,4,0,5
61,McGill0106,0.1,2,Flopart,train,5,0,4,0,5
61,McGill0106,0.1,2,FPOP,train,5,5,4,0,5
61,McGill0106,0.1,2,Flopart,test,4,4,4,0,4
61,McGill0106,0.1,2,FPOP,test,4,4,4,0,4
61,McGill0106,0.316227766016838,1,Flopart,train,4,0,4,0,4
61,McGill0106,0.316227766016838,1,FPOP,train,4,4,4,0,4
61,McGill0106,0.316227766016838,1,Flopart,test,5,5,4,0,5
61,McGill0106,0.316227766016838,1,FPOP,test,5,5,4,0,5
61,McGill0106,0.316227766016838,2,Flopart,train,5,0,4,0,5
61,McGill0106,0.316227766016838,2,FPOP,train,5,5,4,0,5
61,McGill0106,0.316227766016838,2,Flopart,test,4,4,4,0,4
61,McGill0106,0.316227766016838,2,FPOP,test,4,4,4,0,4
61,McGill0106,1,1,Flopart,train,4,0,4,0,4
61,McGill0106,1,1,FPOP,train,4,4,4,0,4
61,McGill0106,1,1,Flopart,test,5,5,4,0,5
61,McGill0106,1,1,FPOP,test,5,5,4,0,5
61,McGill0106,1,2,Flopart,train,5,0,4,0,5
61,McGill0106,1,2,FPOP,train,5,5,4,0,5
61,McGill0106,1,2,Flopart,test,4,4,4,0,4
61,McGill0106,1,2,FPOP,test,4,4,4,0,4
61,McGill0106,3.16227766016838,1,Flopart,train,4,0,4,0,4
61,McGill0106,3.16227766016838,1,FPOP,train,4,4,4,0,4
61,McGill0106,3.16227766016838,1,Flopart,test,5,5,4,0,5
61,McGill0106,3.16227766016838,1,FPOP,test,5,5,4,0,5
61,McGill0106,3.16227766016838,2,Flopart,train,5,0,4,0,5
61,McGill0106,3.16227766016838,2,FPOP,train,5,5,4,0,5
61,McGill0106,3.16227766016838,2,Flopart,test,4,4,4,0,4
61,McGill0106,3.16227766016838,2,FPOP,test,4,4,4,0,4
61,McGill0106,10,1,Flopart,train,4,0,4,0,4
61,McGill0106,10,1,FPOP,train,4,4,4,0,4
61,McGill0106,10,1,Flopart,test,5,5,4,0,5
61,McGill0106,10,1,FPOP,test,5,5,4,0,5
61,McGill0106,10,2,Flopart,train,5,0,4,0,5
61,McGill0106,10,2,FPOP,train,5,5,4,0,5
61,McGill0106,10,2,Flopart,test,4,4,4,0,4
61,McGill0106,10,2,FPOP,test,4,4,4,0,4
61,McGill0106,31.6227766016838,1,Flopart,train,4,0,4,0,4
61,McGill0106,31.6227766016838,1,FPOP,train,4,4,4,0,4
61,McGill0106,31.6227766016838,1,Flopart,test,5,5,4,0,5
61,McGill0106,31.6227766016838,1,FPOP,test,5,5,4,0,5
61,McGill0106,31.6227766016838,2,Flopart,train,5,0,4,0,5
61,McGill0106,31.6227766016838,2,FPOP,train,5,5,4,0,5
61,McGill0106,31.6227766016838,2,Flopart,test,4,4,4,0,4
61,McGill0106,31.6227766016838,2,FPOP,test,4,4,4,0,4
61,McGill0106,100,1,Flopart,train,4,0,4,0,4
61,McGill0106,100,1,FPOP,train,4,4,4,0,4
61,McGill0106,100,1,Flopart,test,5,5,4,0,5
61,McGill0106,100,1,FPOP,test,5,5,4,0,5
61,McGill0106,100,2,Flopart,train,5,0,4,0,5
61,McGill0106,100,2,FPOP,train,5,5,4,0,5
61,McGill0106,100,2,Flopart,test,4,4,4,0,4
61,McGill0106,100,2,FPOP,test,4,4,4,0,4
61,McGill0106,316.227766016838,1,Flopart,train,4,0,4,0,4
61,McGill0106,316.227766016838,1,FPOP,train,4,4,4,0,4
61,McGill0106,316.227766016838,1,Flopart,test,5,5,4,0,5
61,McGill0106,316.227766016838,1,FPOP,test,5,5,4,0,5
61,McGill0106,316.227766016838,2,Flopart,train,5,0,4,0,5
61,McGill0106,316.227766016838,2,FPOP,train,5,5,4,0,5
61,McGill0106,316.227766016838,2,Flopart,test,4,4,4,0,4
61,McGill0106,316.227766016838,2,FPOP,test,4,4,4,0,4
61,McGill0106,1000,1,Flopart,train,4,0,4,0,4
61,McGill0106,1000,1,FPOP,train,4,2,4,0,4
61,McGill0106,1000,1,Flopart,test,5,3,4,0,5
61,McGill0106,1000,1,FPOP,test,5,5,4,0,5
61,McGill0106,1000,2,Flopart,train,5,0,4,0,5
61,McGill0106,1000,2,FPOP,train,5,5,4,0,5
61,McGill0106,1000,2,Flopart,test,4,3,4,0,4
61,McGill0106,1000,2,FPOP,test,4,2,4,0,4
61,McGill0106,3162.27766016838,1,Flopart,train,4,0,4,0,4
61,McGill0106,3162.27766016838,1,FPOP,train,4,2,4,0,4
61,McGill0106,3162.27766016838,1,Flopart,test,5,0,4,0,5
61,McGill0106,3162.27766016838,1,FPOP,test,5,3,4,0,5
61,McGill0106,3162.27766016838,2,Flopart,train,5,0,4,0,5
61,McGill0106,3162.27766016838,2,FPOP,train,5,3,4,0,5
61,McGill0106,3162.27766016838,2,Flopart,test,4,1,4,2,4
61,McGill0106,3162.27766016838,2,FPOP,test,4,2,4,0,4
61,McGill0106,10000,1,Flopart,train,4,0,4,0,4
61,McGill0106,10000,1,FPOP,train,4,0,4,2,4
61,McGill0106,10000,1,Flopart,test,5,0,4,0,5
61,McGill0106,10000,1,FPOP,test,5,0,4,0,5
61,McGill0106,10000,2,Flopart,train,5,0,4,0,5
61,McGill0106,10000,2,FPOP,train,5,0,4,0,5
61,McGill0106,10000,2,Flopart,test,4,0,4,2,4
61,McGill0106,10000,2,FPOP,test,4,0,4,2,4
61,McGill0106,31622.7766016838,1,Flopart,train,4,0,4,0,4
61,McGill0106,31622.7766016838,1,FPOP,train,4,0,4,2,4
61,McGill0106,31622.7766016838,1,Flopart,test,5,0,4,2,5
61,McGill0106,31622.7766016838,1,FPOP,test,5,0,4,0,5
61,McGill0106,31622.7766016838,2,Flopart,train,5,0,4,0,5
61,McGill0106,31622.7766016838,2,FPOP,train,5,0,4,0,5
61,McGill0106,31622.7766016838,2,Flopart,test,4,0,4,2,4
61,McGill0106,31622.7766016838,2,FPOP,test,4,0,4,2,4
61,McGill0106,1e+05,1,Flopart,train,4,0,4,0,4
61,McGill0106,1e+05,1,FPOP,train,4,0,4,2,4
61,McGill0106,1e+05,1,Flopart,test,5,0,4,3,5
61,McGill0106,1e+05,1,FPOP,test,5,0,4,2,5
61,McGill0106,1e+05,2,Flopart,train,5,0,4,0,5
61,McGill0106,1e+05,2,FPOP,train,5,0,4,2,5
61,McGill0106,1e+05,2,Flopart,test,4,0,4,2,4
61,McGill0106,1e+05,2,FPOP,test,4,0,4,2,4
