dataset,sample.id,pen,fold,model,set.i,possible.fp,fp,possible.fn,fn,labels
63,McGill0104,1e-05,1,Flopart,train,2,0,1,0,2
63,McGill0104,1e-05,1,FPOP,train,2,2,1,0,2
63,McGill0104,1e-05,1,Flopart,test,3,3,3,0,3
63,McGill0104,1e-05,1,FPOP,test,3,3,3,0,3
63,McGill0104,1e-05,2,Flopart,train,3,0,3,0,3
63,McGill0104,1e-05,2,FPOP,train,3,3,3,0,3
63,McGill0104,1e-05,2,Flopart,test,2,2,1,0,2
63,McGill0104,1e-05,2,FPOP,test,2,2,1,0,2
63,McGill0104,3.16227766016838e-05,1,Flopart,train,2,0,1,0,2
63,McGill0104,3.16227766016838e-05,1,FPOP,train,2,2,1,0,2
63,McGill0104,3.16227766016838e-05,1,Flopart,test,3,3,3,0,3
63,McGill0104,3.16227766016838e-05,1,FPOP,test,3,3,3,0,3
63,McGill0104,3.16227766016838e-05,2,Flopart,train,3,0,3,0,3
63,McGill0104,3.16227766016838e-05,2,FPOP,train,3,3,3,0,3
63,McGill0104,3.16227766016838e-05,2,Flopart,test,2,2,1,0,2
63,McGill0104,3.16227766016838e-05,2,FPOP,test,2,2,1,0,2
63,McGill0104,1e-04,1,Flopart,train,2,0,1,0,2
63,McGill0104,1e-04,1,FPOP,train,2,2,1,0,2
63,McGill0104,1e-04,1,Flopart,test,3,3,3,0,3
63,McGill0104,1e-04,1,FPOP,test,3,3,3,0,3
63,McGill0104,1e-04,2,Flopart,train,3,0,3,0,3
63,McGill0104,1e-04,2,FPOP,train,3,3,3,0,3
63,McGill0104,1e-04,2,Flopart,test,2,2,1,0,2
63,McGill0104,1e-04,2,FPOP,test,2,2,1,0,2
63,McGill0104,0.000316227766016838,1,Flopart,train,2,0,1,0,2
63,McGill0104,0.000316227766016838,1,FPOP,train,2,2,1,0,2
63,McGill0104,0.000316227766016838,1,Flopart,test,3,3,3,0,3
63,McGill0104,0.000316227766016838,1,FPOP,test,3,3,3,0,3
63,McGill0104,0.000316227766016838,2,Flopart,train,3,0,3,0,3
63,McGill0104,0.000316227766016838,2,FPOP,train,3,3,3,0,3
63,McGill0104,0.000316227766016838,2,Flopart,test,2,2,1,0,2
63,McGill0104,0.000316227766016838,2,FPOP,test,2,2,1,0,2
63,McGill0104,0.001,1,Flopart,train,2,0,1,0,2
63,McGill0104,0.001,1,FPOP,train,2,2,1,0,2
63,McGill0104,0.001,1,Flopart,test,3,3,3,0,3
63,McGill0104,0.001,1,FPOP,test,3,3,3,0,3
63,McGill0104,0.001,2,Flopart,train,3,0,3,0,3
63,McGill0104,0.001,2,FPOP,train,3,3,3,0,3
63,McGill0104,0.001,2,Flopart,test,2,2,1,0,2
63,McGill0104,0.001,2,FPOP,test,2,2,1,0,2
63,McGill0104,0.00316227766016838,1,Flopart,train,2,0,1,0,2
63,McGill0104,0.00316227766016838,1,FPOP,train,2,2,1,0,2
63,McGill0104,0.00316227766016838,1,Flopart,test,3,3,3,0,3
63,McGill0104,0.00316227766016838,1,FPOP,test,3,3,3,0,3
63,McGill0104,0.00316227766016838,2,Flopart,train,3,0,3,0,3
63,McGill0104,0.00316227766016838,2,FPOP,train,3,3,3,0,3
63,McGill0104,0.00316227766016838,2,Flopart,test,2,2,1,0,2
63,McGill0104,0.00316227766016838,2,FPOP,test,2,2,1,0,2
63,McGill0104,0.01,1,Flopart,train,2,0,1,0,2
63,McGill0104,0.01,1,FPOP,train,2,2,1,0,2
63,McGill0104,0.01,1,Flopart,test,3,3,3,0,3
63,McGill0104,0.01,1,FPOP,test,3,3,3,0,3
63,McGill0104,0.01,2,Flopart,train,3,0,3,0,3
63,McGill0104,0.01,2,FPOP,train,3,3,3,0,3
63,McGill0104,0.01,2,Flopart,test,2,2,1,0,2
63,McGill0104,0.01,2,FPOP,test,2,2,1,0,2
63,McGill0104,0.0316227766016838,1,Flopart,train,2,0,1,0,2
63,McGill0104,0.0316227766016838,1,FPOP,train,2,2,1,0,2
63,McGill0104,0.0316227766016838,1,Flopart,test,3,3,3,0,3
63,McGill0104,0.0316227766016838,1,FPOP,test,3,3,3,0,3
63,McGill0104,0.0316227766016838,2,Flopart,train,3,0,3,0,3
63,McGill0104,0.0316227766016838,2,FPOP,train,3,3,3,0,3
63,McGill0104,0.0316227766016838,2,Flopart,test,2,2,1,0,2
63,McGill0104,0.0316227766016838,2,FPOP,test,2,2,1,0,2
63,McGill0104,0.1,1,Flopart,train,2,0,1,0,2
63,McGill0104,0.1,1,FPOP,train,2,2,1,0,2
63,McGill0104,0.1,1,Flopart,test,3,3,3,0,3
63,McGill0104,0.1,1,FPOP,test,3,3,3,0,3
63,McGill0104,0.1,2,Flopart,train,3,0,3,0,3
63,McGill0104,0.1,2,FPOP,train,3,3,3,0,3
63,McGill0104,0.1,2,Flopart,test,2,2,1,0,2
63,McGill0104,0.1,2,FPOP,test,2,2,1,0,2
63,McGill0104,0.316227766016838,1,Flopart,train,2,0,1,0,2
63,McGill0104,0.316227766016838,1,FPOP,train,2,2,1,0,2
63,McGill0104,0.316227766016838,1,Flopart,test,3,3,3,0,3
63,McGill0104,0.316227766016838,1,FPOP,test,3,3,3,0,3
63,McGill0104,0.316227766016838,2,Flopart,train,3,0,3,0,3
63,McGill0104,0.316227766016838,2,FPOP,train,3,3,3,0,3
63,McGill0104,0.316227766016838,2,Flopart,test,2,2,1,0,2
63,McGill0104,0.316227766016838,2,FPOP,test,2,2,1,0,2
63,McGill0104,1,1,Flopart,train,2,0,1,0,2
63,McGill0104,1,1,FPOP,train,2,2,1,0,2
63,McGill0104,1,1,Flopart,test,3,3,3,0,3
63,McGill0104,1,1,FPOP,test,3,3,3,0,3
63,McGill0104,1,2,Flopart,train,3,0,3,0,3
63,McGill0104,1,2,FPOP,train,3,3,3,0,3
63,McGill0104,1,2,Flopart,test,2,2,1,0,2
63,McGill0104,1,2,FPOP,test,2,2,1,0,2
63,McGill0104,3.16227766016838,1,Flopart,train,2,0,1,0,2
63,McGill0104,3.16227766016838,1,FPOP,train,2,2,1,0,2
63,McGill0104,3.16227766016838,1,Flopart,test,3,3,3,0,3
63,McGill0104,3.16227766016838,1,FPOP,test,3,3,3,0,3
63,McGill0104,3.16227766016838,2,Flopart,train,3,0,3,0,3
63,McGill0104,3.16227766016838,2,FPOP,train,3,3,3,0,3
63,McGill0104,3.16227766016838,2,Flopart,test,2,2,1,0,2
63,McGill0104,3.16227766016838,2,FPOP,test,2,2,1,0,2
63,McGill0104,10,1,Flopart,train,2,0,1,0,2
63,McGill0104,10,1,FPOP,train,2,2,1,0,2
63,McGill0104,10,1,Flopart,test,3,3,3,0,3
63,McGill0104,10,1,FPOP,test,3,3,3,0,3
63,McGill0104,10,2,Flopart,train,3,0,3,0,3
63,McGill0104,10,2,FPOP,train,3,3,3,0,3
63,McGill0104,10,2,Flopart,test,2,2,1,0,2
63,McGill0104,10,2,FPOP,test,2,2,1,0,2
63,McGill0104,31.6227766016838,1,Flopart,train,2,0,1,0,2
63,McGill0104,31.6227766016838,1,FPOP,train,2,2,1,0,2
63,McGill0104,31.6227766016838,1,Flopart,test,3,3,3,0,3
63,McGill0104,31.6227766016838,1,FPOP,test,3,3,3,0,3
63,McGill0104,31.6227766016838,2,Flopart,train,3,0,3,0,3
63,McGill0104,31.6227766016838,2,FPOP,train,3,3,3,0,3
63,McGill0104,31.6227766016838,2,Flopart,test,2,2,1,0,2
63,McGill0104,31.6227766016838,2,FPOP,test,2,2,1,0,2
63,McGill0104,100,1,Flopart,train,2,0,1,0,2
63,McGill0104,100,1,FPOP,train,2,2,1,0,2
63,McGill0104,100,1,Flopart,test,3,3,3,0,3
63,McGill0104,100,1,FPOP,test,3,3,3,0,3
63,McGill0104,100,2,Flopart,train,3,0,3,0,3
63,McGill0104,100,2,FPOP,train,3,3,3,0,3
63,McGill0104,100,2,Flopart,test,2,2,1,0,2
63,McGill0104,100,2,FPOP,test,2,2,1,0,2
63,McGill0104,316.227766016838,1,Flopart,train,2,0,1,0,2
63,McGill0104,316.227766016838,1,FPOP,train,2,2,1,0,2
63,McGill0104,316.227766016838,1,Flopart,test,3,2,3,0,3
63,McGill0104,316.227766016838,1,FPOP,test,3,3,3,0,3
63,McGill0104,316.227766016838,2,Flopart,train,3,0,3,0,3
63,McGill0104,316.227766016838,2,FPOP,train,3,3,3,0,3
63,McGill0104,316.227766016838,2,Flopart,test,2,1,1,0,2
63,McGill0104,316.227766016838,2,FPOP,test,2,2,1,0,2
63,McGill0104,1000,1,Flopart,train,2,0,1,0,2
63,McGill0104,1000,1,FPOP,train,2,1,1,0,2
63,McGill0104,1000,1,Flopart,test,3,1,3,0,3
63,McGill0104,1000,1,FPOP,test,3,2,3,0,3
63,McGill0104,1000,2,Flopart,train,3,0,3,0,3
63,McGill0104,1000,2,FPOP,train,3,2,3,0,3
63,McGill0104,1000,2,Flopart,test,2,1,1,0,2
63,McGill0104,1000,2,FPOP,test,2,1,1,0,2
63,McGill0104,3162.27766016838,1,Flopart,train,2,0,1,0,2
63,McGill0104,3162.27766016838,1,FPOP,train,2,0,1,0,2
63,McGill0104,3162.27766016838,1,Flopart,test,3,0,3,0,3
63,McGill0104,3162.27766016838,1,FPOP,test,3,1,3,0,3
63,McGill0104,3162.27766016838,2,Flopart,train,3,0,3,0,3
63,McGill0104,3162.27766016838,2,FPOP,train,3,1,3,0,3
63,McGill0104,3162.27766016838,2,Flopart,test,2,0,1,0,2
63,McGill0104,3162.27766016838,2,FPOP,test,2,0,1,0,2
63,McGill0104,10000,1,Flopart,train,2,0,1,0,2
63,McGill0104,10000,1,FPOP,train,2,0,1,1,2
63,McGill0104,10000,1,Flopart,test,3,0,3,0,3
63,McGill0104,10000,1,FPOP,test,3,0,3,1,3
63,McGill0104,10000,2,Flopart,train,3,0,3,0,3
63,McGill0104,10000,2,FPOP,train,3,0,3,1,3
63,McGill0104,10000,2,Flopart,test,2,0,1,0,2
63,McGill0104,10000,2,FPOP,test,2,0,1,1,2
63,McGill0104,31622.7766016838,1,Flopart,train,2,0,1,0,2
63,McGill0104,31622.7766016838,1,FPOP,train,2,0,1,1,2
63,McGill0104,31622.7766016838,1,Flopart,test,3,0,3,0,3
63,McGill0104,31622.7766016838,1,FPOP,test,3,0,3,1,3
63,McGill0104,31622.7766016838,2,Flopart,train,3,0,3,0,3
63,McGill0104,31622.7766016838,2,FPOP,train,3,0,3,1,3
63,McGill0104,31622.7766016838,2,Flopart,test,2,0,1,1,2
63,McGill0104,31622.7766016838,2,FPOP,test,2,0,1,1,2
63,McGill0104,1e+05,1,Flopart,train,2,0,1,0,2
63,McGill0104,1e+05,1,FPOP,train,2,0,1,1,2
63,McGill0104,1e+05,1,Flopart,test,3,0,3,3,3
63,McGill0104,1e+05,1,FPOP,test,3,0,3,1,3
63,McGill0104,1e+05,2,Flopart,train,3,0,3,0,3
63,McGill0104,1e+05,2,FPOP,train,3,0,3,1,3
63,McGill0104,1e+05,2,Flopart,test,2,0,1,1,2
63,McGill0104,1e+05,2,FPOP,test,2,0,1,1,2
