dataset,sample.id,pen,fold,model,set.i,possible.fp,fp,possible.fn,fn,labels
67,McGill0006,1e-05,1,Flopart,train,2,0,1,0,2
67,McGill0006,1e-05,1,FPOP,train,2,2,1,0,2
67,McGill0006,1e-05,1,Flopart,test,2,2,0,0,2
67,McGill0006,1e-05,1,FPOP,test,2,2,0,0,2
67,McGill0006,1e-05,2,Flopart,train,2,0,0,0,2
67,McGill0006,1e-05,2,FPOP,train,2,2,0,0,2
67,McGill0006,1e-05,2,Flopart,test,2,2,1,0,2
67,McGill0006,1e-05,2,FPOP,test,2,2,1,0,2
67,McGill0006,3.16227766016838e-05,1,Flopart,train,2,0,1,0,2
67,McGill0006,3.16227766016838e-05,1,FPOP,train,2,2,1,0,2
67,McGill0006,3.16227766016838e-05,1,Flopart,test,2,2,0,0,2
67,McGill0006,3.16227766016838e-05,1,FPOP,test,2,2,0,0,2
67,McGill0006,3.16227766016838e-05,2,Flopart,train,2,0,0,0,2
67,McGill0006,3.16227766016838e-05,2,FPOP,train,2,2,0,0,2
67,McGill0006,3.16227766016838e-05,2,Flopart,test,2,2,1,0,2
67,McGill0006,3.16227766016838e-05,2,FPOP,test,2,2,1,0,2
67,McGill0006,1e-04,1,Flopart,train,2,0,1,0,2
67,McGill0006,1e-04,1,FPOP,train,2,2,1,0,2
67,McGill0006,1e-04,1,Flopart,test,2,2,0,0,2
67,McGill0006,1e-04,1,FPOP,test,2,2,0,0,2
67,McGill0006,1e-04,2,Flopart,train,2,0,0,0,2
67,McGill0006,1e-04,2,FPOP,train,2,2,0,0,2
67,McGill0006,1e-04,2,Flopart,test,2,2,1,0,2
67,McGill0006,1e-04,2,FPOP,test,2,2,1,0,2
67,McGill0006,0.000316227766016838,1,Flopart,train,2,0,1,0,2
67,McGill0006,0.000316227766016838,1,FPOP,train,2,2,1,0,2
67,McGill0006,0.000316227766016838,1,Flopart,test,2,2,0,0,2
67,McGill0006,0.000316227766016838,1,FPOP,test,2,2,0,0,2
67,McGill0006,0.000316227766016838,2,Flopart,train,2,0,0,0,2
67,McGill0006,0.000316227766016838,2,FPOP,train,2,2,0,0,2
67,McGill0006,0.000316227766016838,2,Flopart,test,2,2,1,0,2
67,McGill0006,0.000316227766016838,2,FPOP,test,2,2,1,0,2
67,McGill0006,0.001,1,Flopart,train,2,0,1,0,2
67,McGill0006,0.001,1,FPOP,train,2,2,1,0,2
67,McGill0006,0.001,1,Flopart,test,2,2,0,0,2
67,McGill0006,0.001,1,FPOP,test,2,2,0,0,2
67,McGill0006,0.001,2,Flopart,train,2,0,0,0,2
67,McGill0006,0.001,2,FPOP,train,2,2,0,0,2
67,McGill0006,0.001,2,Flopart,test,2,2,1,0,2
67,McGill0006,0.001,2,FPOP,test,2,2,1,0,2
67,McGill0006,0.00316227766016838,1,Flopart,train,2,0,1,0,2
67,McGill0006,0.00316227766016838,1,FPOP,train,2,2,1,0,2
67,McGill0006,0.00316227766016838,1,Flopart,test,2,2,0,0,2
67,McGill0006,0.00316227766016838,1,FPOP,test,2,2,0,0,2
67,McGill0006,0.00316227766016838,2,Flopart,train,2,0,0,0,2
67,McGill0006,0.00316227766016838,2,FPOP,train,2,2,0,0,2
67,McGill0006,0.00316227766016838,2,Flopart,test,2,2,1,0,2
67,McGill0006,0.00316227766016838,2,FPOP,test,2,2,1,0,2
67,McGill0006,0.01,1,Flopart,train,2,0,1,0,2
67,McGill0006,0.01,1,FPOP,train,2,2,1,0,2
67,McGill0006,0.01,1,Flopart,test,2,2,0,0,2
67,McGill0006,0.01,1,FPOP,test,2,2,0,0,2
67,McGill0006,0.01,2,Flopart,train,2,0,0,0,2
67,McGill0006,0.01,2,FPOP,train,2,2,0,0,2
67,McGill0006,0.01,2,Flopart,test,2,2,1,0,2
67,McGill0006,0.01,2,FPOP,test,2,2,1,0,2
67,McGill0006,0.0316227766016838,1,Flopart,train,2,0,1,0,2
67,McGill0006,0.0316227766016838,1,FPOP,train,2,2,1,0,2
67,McGill0006,0.0316227766016838,1,Flopart,test,2,2,0,0,2
67,McGill0006,0.0316227766016838,1,FPOP,test,2,2,0,0,2
67,McGill0006,0.0316227766016838,2,Flopart,train,2,0,0,0,2
67,McGill0006,0.0316227766016838,2,FPOP,train,2,2,0,0,2
67,McGill0006,0.0316227766016838,2,Flopart,test,2,2,1,0,2
67,McGill0006,0.0316227766016838,2,FPOP,test,2,2,1,0,2
67,McGill0006,0.1,1,Flopart,train,2,0,1,0,2
67,McGill0006,0.1,1,FPOP,train,2,2,1,0,2
67,McGill0006,0.1,1,Flopart,test,2,2,0,0,2
67,McGill0006,0.1,1,FPOP,test,2,2,0,0,2
67,McGill0006,0.1,2,Flopart,train,2,0,0,0,2
67,McGill0006,0.1,2,FPOP,train,2,2,0,0,2
67,McGill0006,0.1,2,Flopart,test,2,2,1,0,2
67,McGill0006,0.1,2,FPOP,test,2,2,1,0,2
67,McGill0006,0.316227766016838,1,Flopart,train,2,0,1,0,2
67,McGill0006,0.316227766016838,1,FPOP,train,2,2,1,0,2
67,McGill0006,0.316227766016838,1,Flopart,test,2,2,0,0,2
67,McGill0006,0.316227766016838,1,FPOP,test,2,2,0,0,2
67,McGill0006,0.316227766016838,2,Flopart,train,2,0,0,0,2
67,McGill0006,0.316227766016838,2,FPOP,train,2,2,0,0,2
67,McGill0006,0.316227766016838,2,Flopart,test,2,2,1,0,2
67,McGill0006,0.316227766016838,2,FPOP,test,2,2,1,0,2
67,McGill0006,1,1,Flopart,train,2,0,1,0,2
67,McGill0006,1,1,FPOP,train,2,2,1,0,2
67,McGill0006,1,1,Flopart,test,2,2,0,0,2
67,McGill0006,1,1,FPOP,test,2,2,0,0,2
67,McGill0006,1,2,Flopart,train,2,0,0,0,2
67,McGill0006,1,2,FPOP,train,2,2,0,0,2
67,McGill0006,1,2,Flopart,test,2,2,1,0,2
67,McGill0006,1,2,FPOP,test,2,2,1,0,2
67,McGill0006,3.16227766016838,1,Flopart,train,2,0,1,0,2
67,McGill0006,3.16227766016838,1,FPOP,train,2,2,1,0,2
67,McGill0006,3.16227766016838,1,Flopart,test,2,2,0,0,2
67,McGill0006,3.16227766016838,1,FPOP,test,2,2,0,0,2
67,McGill0006,3.16227766016838,2,Flopart,train,2,0,0,0,2
67,McGill0006,3.16227766016838,2,FPOP,train,2,2,0,0,2
67,McGill0006,3.16227766016838,2,Flopart,test,2,2,1,0,2
67,McGill0006,3.16227766016838,2,FPOP,test,2,2,1,0,2
67,McGill0006,10,1,Flopart,train,2,0,1,0,2
67,McGill0006,10,1,FPOP,train,2,2,1,0,2
67,McGill0006,10,1,Flopart,test,2,2,0,0,2
67,McGill0006,10,1,FPOP,test,2,2,0,0,2
67,McGill0006,10,2,Flopart,train,2,0,0,0,2
67,McGill0006,10,2,FPOP,train,2,2,0,0,2
67,McGill0006,10,2,Flopart,test,2,2,1,0,2
67,McGill0006,10,2,FPOP,test,2,2,1,0,2
67,McGill0006,31.6227766016838,1,Flopart,train,2,0,1,0,2
67,McGill0006,31.6227766016838,1,FPOP,train,2,2,1,0,2
67,McGill0006,31.6227766016838,1,Flopart,test,2,2,0,0,2
67,McGill0006,31.6227766016838,1,FPOP,test,2,2,0,0,2
67,McGill0006,31.6227766016838,2,Flopart,train,2,0,0,0,2
67,McGill0006,31.6227766016838,2,FPOP,train,2,2,0,0,2
67,McGill0006,31.6227766016838,2,Flopart,test,2,2,1,0,2
67,McGill0006,31.6227766016838,2,FPOP,test,2,2,1,0,2
67,McGill0006,100,1,Flopart,train,2,0,1,0,2
67,McGill0006,100,1,FPOP,train,2,1,1,0,2
67,McGill0006,100,1,Flopart,test,2,2,0,0,2
67,McGill0006,100,1,FPOP,test,2,2,0,0,2
67,McGill0006,100,2,Flopart,train,2,0,0,0,2
67,McGill0006,100,2,FPOP,train,2,2,0,0,2
67,McGill0006,100,2,Flopart,test,2,1,1,0,2
67,McGill0006,100,2,FPOP,test,2,1,1,0,2
67,McGill0006,316.227766016838,1,Flopart,train,2,0,1,0,2
67,McGill0006,316.227766016838,1,FPOP,train,2,1,1,0,2
67,McGill0006,316.227766016838,1,Flopart,test,2,2,0,0,2
67,McGill0006,316.227766016838,1,FPOP,test,2,2,0,0,2
67,McGill0006,316.227766016838,2,Flopart,train,2,0,0,0,2
67,McGill0006,316.227766016838,2,FPOP,train,2,2,0,0,2
67,McGill0006,316.227766016838,2,Flopart,test,2,1,1,0,2
67,McGill0006,316.227766016838,2,FPOP,test,2,1,1,0,2
67,McGill0006,1000,1,Flopart,train,2,0,1,0,2
67,McGill0006,1000,1,FPOP,train,2,1,1,1,2
67,McGill0006,1000,1,Flopart,test,2,2,0,0,2
67,McGill0006,1000,1,FPOP,test,2,2,0,0,2
67,McGill0006,1000,2,Flopart,train,2,0,0,0,2
67,McGill0006,1000,2,FPOP,train,2,2,0,0,2
67,McGill0006,1000,2,Flopart,test,2,0,1,1,2
67,McGill0006,1000,2,FPOP,test,2,1,1,1,2
67,McGill0006,3162.27766016838,1,Flopart,train,2,0,1,0,2
67,McGill0006,3162.27766016838,1,FPOP,train,2,0,1,1,2
67,McGill0006,3162.27766016838,1,Flopart,test,2,0,0,0,2
67,McGill0006,3162.27766016838,1,FPOP,test,2,0,0,0,2
67,McGill0006,3162.27766016838,2,Flopart,train,2,0,0,0,2
67,McGill0006,3162.27766016838,2,FPOP,train,2,0,0,0,2
67,McGill0006,3162.27766016838,2,Flopart,test,2,0,1,1,2
67,McGill0006,3162.27766016838,2,FPOP,test,2,0,1,1,2
67,McGill0006,10000,1,Flopart,train,2,0,1,0,2
67,McGill0006,10000,1,FPOP,train,2,0,1,1,2
67,McGill0006,10000,1,Flopart,test,2,0,0,0,2
67,McGill0006,10000,1,FPOP,test,2,0,0,0,2
67,McGill0006,10000,2,Flopart,train,2,0,0,0,2
67,McGill0006,10000,2,FPOP,train,2,0,0,0,2
67,McGill0006,10000,2,Flopart,test,2,0,1,1,2
67,McGill0006,10000,2,FPOP,test,2,0,1,1,2
67,McGill0006,31622.7766016838,1,Flopart,train,2,0,1,0,2
67,McGill0006,31622.7766016838,1,FPOP,train,2,0,1,1,2
67,McGill0006,31622.7766016838,1,Flopart,test,2,0,0,0,2
67,McGill0006,31622.7766016838,1,FPOP,test,2,0,0,0,2
67,McGill0006,31622.7766016838,2,Flopart,train,2,0,0,0,2
67,McGill0006,31622.7766016838,2,FPOP,train,2,0,0,0,2
67,McGill0006,31622.7766016838,2,Flopart,test,2,0,1,1,2
67,McGill0006,31622.7766016838,2,FPOP,test,2,0,1,1,2
67,McGill0006,1e+05,1,Flopart,train,2,0,1,0,2
67,McGill0006,1e+05,1,FPOP,train,2,0,1,1,2
67,McGill0006,1e+05,1,Flopart,test,2,0,0,0,2
67,McGill0006,1e+05,1,FPOP,test,2,0,0,0,2
67,McGill0006,1e+05,2,Flopart,train,2,0,0,0,2
67,McGill0006,1e+05,2,FPOP,train,2,0,0,0,2
67,McGill0006,1e+05,2,Flopart,test,2,0,1,1,2
67,McGill0006,1e+05,2,FPOP,test,2,0,1,1,2
