dataset,sample.id,pen,fold,model,set.i,possible.fp,fp,possible.fn,fn,labels
79,McGill0029,1e-05,1,Flopart,train,6,0,2,0,6
79,McGill0029,1e-05,1,FPOP,train,6,6,2,0,6
79,McGill0029,1e-05,1,Flopart,test,7,7,5,0,7
79,McGill0029,1e-05,1,FPOP,test,7,7,5,0,7
79,McGill0029,1e-05,2,Flopart,train,7,0,5,0,7
79,McGill0029,1e-05,2,FPOP,train,7,7,5,0,7
79,McGill0029,1e-05,2,Flopart,test,6,6,2,0,6
79,McGill0029,1e-05,2,FPOP,test,6,6,2,0,6
79,McGill0029,3.16227766016838e-05,1,Flopart,train,6,0,2,0,6
79,McGill0029,3.16227766016838e-05,1,FPOP,train,6,6,2,0,6
79,McGill0029,3.16227766016838e-05,1,Flopart,test,7,7,5,0,7
79,McGill0029,3.16227766016838e-05,1,FPOP,test,7,7,5,0,7
79,McGill0029,3.16227766016838e-05,2,Flopart,train,7,0,5,0,7
79,McGill0029,3.16227766016838e-05,2,FPOP,train,7,7,5,0,7
79,McGill0029,3.16227766016838e-05,2,Flopart,test,6,6,2,0,6
79,McGill0029,3.16227766016838e-05,2,FPOP,test,6,6,2,0,6
79,McGill0029,1e-04,1,Flopart,train,6,0,2,0,6
79,McGill0029,1e-04,1,FPOP,train,6,6,2,0,6
79,McGill0029,1e-04,1,Flopart,test,7,7,5,0,7
79,McGill0029,1e-04,1,FPOP,test,7,7,5,0,7
79,McGill0029,1e-04,2,Flopart,train,7,0,5,0,7
79,McGill0029,1e-04,2,FPOP,train,7,7,5,0,7
79,McGill0029,1e-04,2,Flopart,test,6,6,2,0,6
79,McGill0029,1e-04,2,FPOP,test,6,6,2,0,6
79,McGill0029,0.000316227766016838,1,Flopart,train,6,0,2,0,6
79,McGill0029,0.000316227766016838,1,FPOP,train,6,6,2,0,6
79,McGill0029,0.000316227766016838,1,Flopart,test,7,7,5,0,7
79,McGill0029,0.000316227766016838,1,FPOP,test,7,7,5,0,7
79,McGill0029,0.000316227766016838,2,Flopart,train,7,0,5,0,7
79,McGill0029,0.000316227766016838,2,FPOP,train,7,7,5,0,7
79,McGill0029,0.000316227766016838,2,Flopart,test,6,6,2,0,6
79,McGill0029,0.000316227766016838,2,FPOP,test,6,6,2,0,6
79,McGill0029,0.001,1,Flopart,train,6,0,2,0,6
79,McGill0029,0.001,1,FPOP,train,6,6,2,0,6
79,McGill0029,0.001,1,Flopart,test,7,7,5,0,7
79,McGill0029,0.001,1,FPOP,test,7,7,5,0,7
79,McGill0029,0.001,2,Flopart,train,7,0,5,0,7
79,McGill0029,0.001,2,FPOP,train,7,7,5,0,7
79,McGill0029,0.001,2,Flopart,test,6,6,2,0,6
79,McGill0029,0.001,2,FPOP,test,6,6,2,0,6
79,McGill0029,0.00316227766016838,1,Flopart,train,6,0,2,0,6
79,McGill0029,0.00316227766016838,1,FPOP,train,6,6,2,0,6
79,McGill0029,0.00316227766016838,1,Flopart,test,7,7,5,0,7
79,McGill0029,0.00316227766016838,1,FPOP,test,7,7,5,0,7
79,McGill0029,0.00316227766016838,2,Flopart,train,7,0,5,0,7
79,McGill0029,0.00316227766016838,2,FPOP,train,7,7,5,0,7
79,McGill0029,0.00316227766016838,2,Flopart,test,6,6,2,0,6
79,McGill0029,0.00316227766016838,2,FPOP,test,6,6,2,0,6
79,McGill0029,0.01,1,Flopart,train,6,0,2,0,6
79,McGill0029,0.01,1,FPOP,train,6,6,2,0,6
79,McGill0029,0.01,1,Flopart,test,7,7,5,0,7
79,McGill0029,0.01,1,FPOP,test,7,7,5,0,7
79,McGill0029,0.01,2,Flopart,train,7,0,5,0,7
79,McGill0029,0.01,2,FPOP,train,7,7,5,0,7
79,McGill0029,0.01,2,Flopart,test,6,6,2,0,6
79,McGill0029,0.01,2,FPOP,test,6,6,2,0,6
79,McGill0029,0.0316227766016838,1,Flopart,train,6,0,2,0,6
79,McGill0029,0.0316227766016838,1,FPOP,train,6,6,2,0,6
79,McGill0029,0.0316227766016838,1,Flopart,test,7,7,5,0,7
79,McGill0029,0.0316227766016838,1,FPOP,test,7,7,5,0,7
79,McGill0029,0.0316227766016838,2,Flopart,train,7,0,5,0,7
79,McGill0029,0.0316227766016838,2,FPOP,train,7,7,5,0,7
79,McGill0029,0.0316227766016838,2,Flopart,test,6,6,2,0,6
79,McGill0029,0.0316227766016838,2,FPOP,test,6,6,2,0,6
79,McGill0029,0.1,1,Flopart,train,6,0,2,0,6
79,McGill0029,0.1,1,FPOP,train,6,6,2,0,6
79,McGill0029,0.1,1,Flopart,test,7,7,5,0,7
79,McGill0029,0.1,1,FPOP,test,7,7,5,0,7
79,McGill0029,0.1,2,Flopart,train,7,0,5,0,7
79,McGill0029,0.1,2,FPOP,train,7,7,5,0,7
79,McGill0029,0.1,2,Flopart,test,6,6,2,0,6
79,McGill0029,0.1,2,FPOP,test,6,6,2,0,6
79,McGill0029,0.316227766016838,1,Flopart,train,6,0,2,0,6
79,McGill0029,0.316227766016838,1,FPOP,train,6,6,2,0,6
79,McGill0029,0.316227766016838,1,Flopart,test,7,7,5,0,7
79,McGill0029,0.316227766016838,1,FPOP,test,7,7,5,0,7
79,McGill0029,0.316227766016838,2,Flopart,train,7,0,5,0,7
79,McGill0029,0.316227766016838,2,FPOP,train,7,7,5,0,7
79,McGill0029,0.316227766016838,2,Flopart,test,6,6,2,0,6
79,McGill0029,0.316227766016838,2,FPOP,test,6,6,2,0,6
79,McGill0029,1,1,Flopart,train,6,0,2,0,6
79,McGill0029,1,1,FPOP,train,6,6,2,0,6
79,McGill0029,1,1,Flopart,test,7,7,5,0,7
79,McGill0029,1,1,FPOP,test,7,7,5,0,7
79,McGill0029,1,2,Flopart,train,7,0,5,0,7
79,McGill0029,1,2,FPOP,train,7,7,5,0,7
79,McGill0029,1,2,Flopart,test,6,6,2,0,6
79,McGill0029,1,2,FPOP,test,6,6,2,0,6
79,McGill0029,3.16227766016838,1,Flopart,train,6,0,2,0,6
79,McGill0029,3.16227766016838,1,FPOP,train,6,6,2,0,6
79,McGill0029,3.16227766016838,1,Flopart,test,7,7,5,0,7
79,McGill0029,3.16227766016838,1,FPOP,test,7,7,5,0,7
79,McGill0029,3.16227766016838,2,Flopart,train,7,0,5,0,7
79,McGill0029,3.16227766016838,2,FPOP,train,7,7,5,0,7
79,McGill0029,3.16227766016838,2,Flopart,test,6,6,2,0,6
79,McGill0029,3.16227766016838,2,FPOP,test,6,6,2,0,6
79,McGill0029,10,1,Flopart,train,6,0,2,0,6
79,McGill0029,10,1,FPOP,train,6,6,2,0,6
79,McGill0029,10,1,Flopart,test,7,7,5,0,7
79,McGill0029,10,1,FPOP,test,7,7,5,0,7
79,McGill0029,10,2,Flopart,train,7,0,5,0,7
79,McGill0029,10,2,FPOP,train,7,7,5,0,7
79,McGill0029,10,2,Flopart,test,6,6,2,0,6
79,McGill0029,10,2,FPOP,test,6,6,2,0,6
79,McGill0029,31.6227766016838,1,Flopart,train,6,0,2,0,6
79,McGill0029,31.6227766016838,1,FPOP,train,6,6,2,0,6
79,McGill0029,31.6227766016838,1,Flopart,test,7,7,5,0,7
79,McGill0029,31.6227766016838,1,FPOP,test,7,7,5,0,7
79,McGill0029,31.6227766016838,2,Flopart,train,7,0,5,0,7
79,McGill0029,31.6227766016838,2,FPOP,train,7,7,5,0,7
79,McGill0029,31.6227766016838,2,Flopart,test,6,6,2,0,6
79,McGill0029,31.6227766016838,2,FPOP,test,6,6,2,0,6
79,McGill0029,100,1,Flopart,train,6,0,2,0,6
79,McGill0029,100,1,FPOP,train,6,6,2,0,6
79,McGill0029,100,1,Flopart,test,7,6,5,0,7
79,McGill0029,100,1,FPOP,test,7,7,5,0,7
79,McGill0029,100,2,Flopart,train,7,0,5,0,7
79,McGill0029,100,2,FPOP,train,7,7,5,0,7
79,McGill0029,100,2,Flopart,test,6,6,2,0,6
79,McGill0029,100,2,FPOP,test,6,6,2,0,6
79,McGill0029,316.227766016838,1,Flopart,train,6,0,2,0,6
79,McGill0029,316.227766016838,1,FPOP,train,6,6,2,0,6
79,McGill0029,316.227766016838,1,Flopart,test,7,5,5,0,7
79,McGill0029,316.227766016838,1,FPOP,test,7,6,5,0,7
79,McGill0029,316.227766016838,2,Flopart,train,7,0,5,0,7
79,McGill0029,316.227766016838,2,FPOP,train,7,6,5,0,7
79,McGill0029,316.227766016838,2,Flopart,test,6,5,2,0,6
79,McGill0029,316.227766016838,2,FPOP,test,6,6,2,0,6
79,McGill0029,1000,1,Flopart,train,6,0,2,0,6
79,McGill0029,1000,1,FPOP,train,6,5,2,0,6
79,McGill0029,1000,1,Flopart,test,7,0,5,0,7
79,McGill0029,1000,1,FPOP,test,7,4,5,0,7
79,McGill0029,1000,2,Flopart,train,7,0,5,0,7
79,McGill0029,1000,2,FPOP,train,7,4,5,0,7
79,McGill0029,1000,2,Flopart,test,6,3,2,0,6
79,McGill0029,1000,2,FPOP,test,6,5,2,0,6
79,McGill0029,3162.27766016838,1,Flopart,train,6,0,2,0,6
79,McGill0029,3162.27766016838,1,FPOP,train,6,5,2,0,6
79,McGill0029,3162.27766016838,1,Flopart,test,7,0,5,0,7
79,McGill0029,3162.27766016838,1,FPOP,test,7,1,5,0,7
79,McGill0029,3162.27766016838,2,Flopart,train,7,0,5,0,7
79,McGill0029,3162.27766016838,2,FPOP,train,7,1,5,0,7
79,McGill0029,3162.27766016838,2,Flopart,test,6,0,2,0,6
79,McGill0029,3162.27766016838,2,FPOP,test,6,5,2,0,6
79,McGill0029,10000,1,Flopart,train,6,0,2,0,6
79,McGill0029,10000,1,FPOP,train,6,0,2,0,6
79,McGill0029,10000,1,Flopart,test,7,0,5,3,7
79,McGill0029,10000,1,FPOP,test,7,0,5,3,7
79,McGill0029,10000,2,Flopart,train,7,0,5,0,7
79,McGill0029,10000,2,FPOP,train,7,0,5,3,7
79,McGill0029,10000,2,Flopart,test,6,0,2,0,6
79,McGill0029,10000,2,FPOP,test,6,0,2,0,6
79,McGill0029,31622.7766016838,1,Flopart,train,6,0,2,0,6
79,McGill0029,31622.7766016838,1,FPOP,train,6,0,2,2,6
79,McGill0029,31622.7766016838,1,Flopart,test,7,1,5,4,7
79,McGill0029,31622.7766016838,1,FPOP,test,7,0,5,5,7
79,McGill0029,31622.7766016838,2,Flopart,train,7,0,5,0,7
79,McGill0029,31622.7766016838,2,FPOP,train,7,0,5,5,7
79,McGill0029,31622.7766016838,2,Flopart,test,6,0,2,0,6
79,McGill0029,31622.7766016838,2,FPOP,test,6,0,2,2,6
79,McGill0029,1e+05,1,Flopart,train,6,0,2,0,6
79,McGill0029,1e+05,1,FPOP,train,6,0,2,2,6
79,McGill0029,1e+05,1,Flopart,test,7,1,5,4,7
79,McGill0029,1e+05,1,FPOP,test,7,0,5,5,7
79,McGill0029,1e+05,2,Flopart,train,7,0,5,0,7
79,McGill0029,1e+05,2,FPOP,train,7,0,5,5,7
79,McGill0029,1e+05,2,Flopart,test,6,0,2,0,6
79,McGill0029,1e+05,2,FPOP,test,6,0,2,2,6
