dataset,sample.id,pen,fold,model,set.i,possible.fp,fp,possible.fn,fn,labels
98,McGill0267,1e-05,1,Flopart,train,6,0,2,0,6
98,McGill0267,1e-05,1,FPOP,train,6,6,2,0,6
98,McGill0267,1e-05,1,Flopart,test,7,7,1,0,7
98,McGill0267,1e-05,1,FPOP,test,7,7,1,0,7
98,McGill0267,1e-05,2,Flopart,train,7,0,1,0,7
98,McGill0267,1e-05,2,FPOP,train,7,7,1,0,7
98,McGill0267,1e-05,2,Flopart,test,6,6,2,0,6
98,McGill0267,1e-05,2,FPOP,test,6,6,2,0,6
98,McGill0267,3.16227766016838e-05,1,Flopart,train,6,0,2,0,6
98,McGill0267,3.16227766016838e-05,1,FPOP,train,6,6,2,0,6
98,McGill0267,3.16227766016838e-05,1,Flopart,test,7,7,1,0,7
98,McGill0267,3.16227766016838e-05,1,FPOP,test,7,7,1,0,7
98,McGill0267,3.16227766016838e-05,2,Flopart,train,7,0,1,0,7
98,McGill0267,3.16227766016838e-05,2,FPOP,train,7,7,1,0,7
98,McGill0267,3.16227766016838e-05,2,Flopart,test,6,6,2,0,6
98,McGill0267,3.16227766016838e-05,2,FPOP,test,6,6,2,0,6
98,McGill0267,1e-04,1,Flopart,train,6,0,2,0,6
98,McGill0267,1e-04,1,FPOP,train,6,6,2,0,6
98,McGill0267,1e-04,1,Flopart,test,7,7,1,0,7
98,McGill0267,1e-04,1,FPOP,test,7,7,1,0,7
98,McGill0267,1e-04,2,Flopart,train,7,0,1,0,7
98,McGill0267,1e-04,2,FPOP,train,7,7,1,0,7
98,McGill0267,1e-04,2,Flopart,test,6,6,2,0,6
98,McGill0267,1e-04,2,FPOP,test,6,6,2,0,6
98,McGill0267,0.000316227766016838,1,Flopart,train,6,0,2,0,6
98,McGill0267,0.000316227766016838,1,FPOP,train,6,6,2,0,6
98,McGill0267,0.000316227766016838,1,Flopart,test,7,7,1,0,7
98,McGill0267,0.000316227766016838,1,FPOP,test,7,7,1,0,7
98,McGill0267,0.000316227766016838,2,Flopart,train,7,0,1,0,7
98,McGill0267,0.000316227766016838,2,FPOP,train,7,7,1,0,7
98,McGill0267,0.000316227766016838,2,Flopart,test,6,6,2,0,6
98,McGill0267,0.000316227766016838,2,FPOP,test,6,6,2,0,6
98,McGill0267,0.001,1,Flopart,train,6,0,2,0,6
98,McGill0267,0.001,1,FPOP,train,6,6,2,0,6
98,McGill0267,0.001,1,Flopart,test,7,7,1,0,7
98,McGill0267,0.001,1,FPOP,test,7,7,1,0,7
98,McGill0267,0.001,2,Flopart,train,7,0,1,0,7
98,McGill0267,0.001,2,FPOP,train,7,7,1,0,7
98,McGill0267,0.001,2,Flopart,test,6,6,2,0,6
98,McGill0267,0.001,2,FPOP,test,6,6,2,0,6
98,McGill0267,0.00316227766016838,1,Flopart,train,6,0,2,0,6
98,McGill0267,0.00316227766016838,1,FPOP,train,6,6,2,0,6
98,McGill0267,0.00316227766016838,1,Flopart,test,7,7,1,0,7
98,McGill0267,0.00316227766016838,1,FPOP,test,7,7,1,0,7
98,McGill0267,0.00316227766016838,2,Flopart,train,7,0,1,0,7
98,McGill0267,0.00316227766016838,2,FPOP,train,7,7,1,0,7
98,McGill0267,0.00316227766016838,2,Flopart,test,6,6,2,0,6
98,McGill0267,0.00316227766016838,2,FPOP,test,6,6,2,0,6
98,McGill0267,0.01,1,Flopart,train,6,0,2,0,6
98,McGill0267,0.01,1,FPOP,train,6,6,2,0,6
98,McGill0267,0.01,1,Flopart,test,7,7,1,0,7
98,McGill0267,0.01,1,FPOP,test,7,7,1,0,7
98,McGill0267,0.01,2,Flopart,train,7,0,1,0,7
98,McGill0267,0.01,2,FPOP,train,7,7,1,0,7
98,McGill0267,0.01,2,Flopart,test,6,6,2,0,6
98,McGill0267,0.01,2,FPOP,test,6,6,2,0,6
98,McGill0267,0.0316227766016838,1,Flopart,train,6,0,2,0,6
98,McGill0267,0.0316227766016838,1,FPOP,train,6,6,2,0,6
98,McGill0267,0.0316227766016838,1,Flopart,test,7,7,1,0,7
98,McGill0267,0.0316227766016838,1,FPOP,test,7,7,1,0,7
98,McGill0267,0.0316227766016838,2,Flopart,train,7,0,1,0,7
98,McGill0267,0.0316227766016838,2,FPOP,train,7,7,1,0,7
98,McGill0267,0.0316227766016838,2,Flopart,test,6,6,2,0,6
98,McGill0267,0.0316227766016838,2,FPOP,test,6,6,2,0,6
98,McGill0267,0.1,1,Flopart,train,6,0,2,0,6
98,McGill0267,0.1,1,FPOP,train,6,6,2,0,6
98,McGill0267,0.1,1,Flopart,test,7,7,1,0,7
98,McGill0267,0.1,1,FPOP,test,7,7,1,0,7
98,McGill0267,0.1,2,Flopart,train,7,0,1,0,7
98,McGill0267,0.1,2,FPOP,train,7,7,1,0,7
98,McGill0267,0.1,2,Flopart,test,6,6,2,0,6
98,McGill0267,0.1,2,FPOP,test,6,6,2,0,6
98,McGill0267,0.316227766016838,1,Flopart,train,6,0,2,0,6
98,McGill0267,0.316227766016838,1,FPOP,train,6,6,2,0,6
98,McGill0267,0.316227766016838,1,Flopart,test,7,7,1,0,7
98,McGill0267,0.316227766016838,1,FPOP,test,7,7,1,0,7
98,McGill0267,0.316227766016838,2,Flopart,train,7,0,1,0,7
98,McGill0267,0.316227766016838,2,FPOP,train,7,7,1,0,7
98,McGill0267,0.316227766016838,2,Flopart,test,6,6,2,0,6
98,McGill0267,0.316227766016838,2,FPOP,test,6,6,2,0,6
98,McGill0267,1,1,Flopart,train,6,0,2,0,6
98,McGill0267,1,1,FPOP,train,6,6,2,0,6
98,McGill0267,1,1,Flopart,test,7,7,1,0,7
98,McGill0267,1,1,FPOP,test,7,7,1,0,7
98,McGill0267,1,2,Flopart,train,7,0,1,0,7
98,McGill0267,1,2,FPOP,train,7,7,1,0,7
98,McGill0267,1,2,Flopart,test,6,6,2,0,6
98,McGill0267,1,2,FPOP,test,6,6,2,0,6
98,McGill0267,3.16227766016838,1,Flopart,train,6,0,2,0,6
98,McGill0267,3.16227766016838,1,FPOP,train,6,6,2,0,6
98,McGill0267,3.16227766016838,1,Flopart,test,7,7,1,0,7
98,McGill0267,3.16227766016838,1,FPOP,test,7,7,1,0,7
98,McGill0267,3.16227766016838,2,Flopart,train,7,0,1,0,7
98,McGill0267,3.16227766016838,2,FPOP,train,7,7,1,0,7
98,McGill0267,3.16227766016838,2,Flopart,test,6,6,2,0,6
98,McGill0267,3.16227766016838,2,FPOP,test,6,6,2,0,6
98,McGill0267,10,1,Flopart,train,6,0,2,0,6
98,McGill0267,10,1,FPOP,train,6,6,2,0,6
98,McGill0267,10,1,Flopart,test,7,7,1,0,7
98,McGill0267,10,1,FPOP,test,7,7,1,0,7
98,McGill0267,10,2,Flopart,train,7,0,1,0,7
98,McGill0267,10,2,FPOP,train,7,7,1,0,7
98,McGill0267,10,2,Flopart,test,6,6,2,0,6
98,McGill0267,10,2,FPOP,test,6,6,2,0,6
98,McGill0267,31.6227766016838,1,Flopart,train,6,0,2,0,6
98,McGill0267,31.6227766016838,1,FPOP,train,6,6,2,0,6
98,McGill0267,31.6227766016838,1,Flopart,test,7,7,1,0,7
98,McGill0267,31.6227766016838,1,FPOP,test,7,7,1,0,7
98,McGill0267,31.6227766016838,2,Flopart,train,7,0,1,0,7
98,McGill0267,31.6227766016838,2,FPOP,train,7,7,1,0,7
98,McGill0267,31.6227766016838,2,Flopart,test,6,6,2,0,6
98,McGill0267,31.6227766016838,2,FPOP,test,6,6,2,0,6
98,McGill0267,100,1,Flopart,train,6,0,2,0,6
98,McGill0267,100,1,FPOP,train,6,6,2,0,6
98,McGill0267,100,1,Flopart,test,7,7,1,0,7
98,McGill0267,100,1,FPOP,test,7,7,1,0,7
98,McGill0267,100,2,Flopart,train,7,0,1,0,7
98,McGill0267,100,2,FPOP,train,7,7,1,0,7
98,McGill0267,100,2,Flopart,test,6,5,2,0,6
98,McGill0267,100,2,FPOP,test,6,6,2,0,6
98,McGill0267,316.227766016838,1,Flopart,train,6,0,2,0,6
98,McGill0267,316.227766016838,1,FPOP,train,6,5,2,0,6
98,McGill0267,316.227766016838,1,Flopart,test,7,5,1,0,7
98,McGill0267,316.227766016838,1,FPOP,test,7,7,1,0,7
98,McGill0267,316.227766016838,2,Flopart,train,7,0,1,0,7
98,McGill0267,316.227766016838,2,FPOP,train,7,7,1,0,7
98,McGill0267,316.227766016838,2,Flopart,test,6,4,2,0,6
98,McGill0267,316.227766016838,2,FPOP,test,6,5,2,0,6
98,McGill0267,1000,1,Flopart,train,6,0,2,0,6
98,McGill0267,1000,1,FPOP,train,6,4,2,0,6
98,McGill0267,1000,1,Flopart,test,7,0,1,0,7
98,McGill0267,1000,1,FPOP,test,7,6,1,0,7
98,McGill0267,1000,2,Flopart,train,7,0,1,0,7
98,McGill0267,1000,2,FPOP,train,7,6,1,0,7
98,McGill0267,1000,2,Flopart,test,6,1,2,0,6
98,McGill0267,1000,2,FPOP,test,6,4,2,0,6
98,McGill0267,3162.27766016838,1,Flopart,train,6,0,2,0,6
98,McGill0267,3162.27766016838,1,FPOP,train,6,0,2,1,6
98,McGill0267,3162.27766016838,1,Flopart,test,7,0,1,0,7
98,McGill0267,3162.27766016838,1,FPOP,test,7,0,1,0,7
98,McGill0267,3162.27766016838,2,Flopart,train,7,0,1,0,7
98,McGill0267,3162.27766016838,2,FPOP,train,7,0,1,0,7
98,McGill0267,3162.27766016838,2,Flopart,test,6,0,2,1,6
98,McGill0267,3162.27766016838,2,FPOP,test,6,0,2,1,6
98,McGill0267,10000,1,Flopart,train,6,0,2,0,6
98,McGill0267,10000,1,FPOP,train,6,0,2,1,6
98,McGill0267,10000,1,Flopart,test,7,0,1,0,7
98,McGill0267,10000,1,FPOP,test,7,0,1,0,7
98,McGill0267,10000,2,Flopart,train,7,0,1,0,7
98,McGill0267,10000,2,FPOP,train,7,0,1,0,7
98,McGill0267,10000,2,Flopart,test,6,0,2,1,6
98,McGill0267,10000,2,FPOP,test,6,0,2,1,6
98,McGill0267,31622.7766016838,1,Flopart,train,6,0,2,0,6
98,McGill0267,31622.7766016838,1,FPOP,train,6,0,2,1,6
98,McGill0267,31622.7766016838,1,Flopart,test,7,0,1,0,7
98,McGill0267,31622.7766016838,1,FPOP,test,7,0,1,0,7
98,McGill0267,31622.7766016838,2,Flopart,train,7,0,1,0,7
98,McGill0267,31622.7766016838,2,FPOP,train,7,0,1,0,7
98,McGill0267,31622.7766016838,2,Flopart,test,6,0,2,1,6
98,McGill0267,31622.7766016838,2,FPOP,test,6,0,2,1,6
98,McGill0267,1e+05,1,Flopart,train,6,0,2,0,6
98,McGill0267,1e+05,1,FPOP,train,6,0,2,2,6
98,McGill0267,1e+05,1,Flopart,test,7,0,1,1,7
98,McGill0267,1e+05,1,FPOP,test,7,0,1,1,7
98,McGill0267,1e+05,2,Flopart,train,7,0,1,0,7
98,McGill0267,1e+05,2,FPOP,train,7,0,1,1,7
98,McGill0267,1e+05,2,Flopart,test,6,0,2,1,6
98,McGill0267,1e+05,2,FPOP,test,6,0,2,2,6
