dataset,sample.id,pen,fold,model,set.i,possible.fp,fp,possible.fn,fn,labels
98,McGill0013,1e-05,1,Flopart,train,6,0,4,0,6
98,McGill0013,1e-05,1,FPOP,train,6,6,4,0,6
98,McGill0013,1e-05,1,Flopart,test,7,7,3,0,7
98,McGill0013,1e-05,1,FPOP,test,7,7,3,0,7
98,McGill0013,1e-05,2,Flopart,train,7,0,3,0,7
98,McGill0013,1e-05,2,FPOP,train,7,7,3,0,7
98,McGill0013,1e-05,2,Flopart,test,6,6,4,0,6
98,McGill0013,1e-05,2,FPOP,test,6,6,4,0,6
98,McGill0013,3.16227766016838e-05,1,Flopart,train,6,0,4,0,6
98,McGill0013,3.16227766016838e-05,1,FPOP,train,6,6,4,0,6
98,McGill0013,3.16227766016838e-05,1,Flopart,test,7,7,3,0,7
98,McGill0013,3.16227766016838e-05,1,FPOP,test,7,7,3,0,7
98,McGill0013,3.16227766016838e-05,2,Flopart,train,7,0,3,0,7
98,McGill0013,3.16227766016838e-05,2,FPOP,train,7,7,3,0,7
98,McGill0013,3.16227766016838e-05,2,Flopart,test,6,6,4,0,6
98,McGill0013,3.16227766016838e-05,2,FPOP,test,6,6,4,0,6
98,McGill0013,1e-04,1,Flopart,train,6,0,4,0,6
98,McGill0013,1e-04,1,FPOP,train,6,6,4,0,6
98,McGill0013,1e-04,1,Flopart,test,7,7,3,0,7
98,McGill0013,1e-04,1,FPOP,test,7,7,3,0,7
98,McGill0013,1e-04,2,Flopart,train,7,0,3,0,7
98,McGill0013,1e-04,2,FPOP,train,7,7,3,0,7
98,McGill0013,1e-04,2,Flopart,test,6,6,4,0,6
98,McGill0013,1e-04,2,FPOP,test,6,6,4,0,6
98,McGill0013,0.000316227766016838,1,Flopart,train,6,0,4,0,6
98,McGill0013,0.000316227766016838,1,FPOP,train,6,6,4,0,6
98,McGill0013,0.000316227766016838,1,Flopart,test,7,7,3,0,7
98,McGill0013,0.000316227766016838,1,FPOP,test,7,7,3,0,7
98,McGill0013,0.000316227766016838,2,Flopart,train,7,0,3,0,7
98,McGill0013,0.000316227766016838,2,FPOP,train,7,7,3,0,7
98,McGill0013,0.000316227766016838,2,Flopart,test,6,6,4,0,6
98,McGill0013,0.000316227766016838,2,FPOP,test,6,6,4,0,6
98,McGill0013,0.001,1,Flopart,train,6,0,4,0,6
98,McGill0013,0.001,1,FPOP,train,6,6,4,0,6
98,McGill0013,0.001,1,Flopart,test,7,7,3,0,7
98,McGill0013,0.001,1,FPOP,test,7,7,3,0,7
98,McGill0013,0.001,2,Flopart,train,7,0,3,0,7
98,McGill0013,0.001,2,FPOP,train,7,7,3,0,7
98,McGill0013,0.001,2,Flopart,test,6,6,4,0,6
98,McGill0013,0.001,2,FPOP,test,6,6,4,0,6
98,McGill0013,0.00316227766016838,1,Flopart,train,6,0,4,0,6
98,McGill0013,0.00316227766016838,1,FPOP,train,6,6,4,0,6
98,McGill0013,0.00316227766016838,1,Flopart,test,7,7,3,0,7
98,McGill0013,0.00316227766016838,1,FPOP,test,7,7,3,0,7
98,McGill0013,0.00316227766016838,2,Flopart,train,7,0,3,0,7
98,McGill0013,0.00316227766016838,2,FPOP,train,7,7,3,0,7
98,McGill0013,0.00316227766016838,2,Flopart,test,6,6,4,0,6
98,McGill0013,0.00316227766016838,2,FPOP,test,6,6,4,0,6
98,McGill0013,0.01,1,Flopart,train,6,0,4,0,6
98,McGill0013,0.01,1,FPOP,train,6,6,4,0,6
98,McGill0013,0.01,1,Flopart,test,7,7,3,0,7
98,McGill0013,0.01,1,FPOP,test,7,7,3,0,7
98,McGill0013,0.01,2,Flopart,train,7,0,3,0,7
98,McGill0013,0.01,2,FPOP,train,7,7,3,0,7
98,McGill0013,0.01,2,Flopart,test,6,6,4,0,6
98,McGill0013,0.01,2,FPOP,test,6,6,4,0,6
98,McGill0013,0.0316227766016838,1,Flopart,train,6,0,4,0,6
98,McGill0013,0.0316227766016838,1,FPOP,train,6,6,4,0,6
98,McGill0013,0.0316227766016838,1,Flopart,test,7,7,3,0,7
98,McGill0013,0.0316227766016838,1,FPOP,test,7,7,3,0,7
98,McGill0013,0.0316227766016838,2,Flopart,train,7,0,3,0,7
98,McGill0013,0.0316227766016838,2,FPOP,train,7,7,3,0,7
98,McGill0013,0.0316227766016838,2,Flopart,test,6,6,4,0,6
98,McGill0013,0.0316227766016838,2,FPOP,test,6,6,4,0,6
98,McGill0013,0.1,1,Flopart,train,6,0,4,0,6
98,McGill0013,0.1,1,FPOP,train,6,6,4,0,6
98,McGill0013,0.1,1,Flopart,test,7,7,3,0,7
98,McGill0013,0.1,1,FPOP,test,7,7,3,0,7
98,McGill0013,0.1,2,Flopart,train,7,0,3,0,7
98,McGill0013,0.1,2,FPOP,train,7,7,3,0,7
98,McGill0013,0.1,2,Flopart,test,6,6,4,0,6
98,McGill0013,0.1,2,FPOP,test,6,6,4,0,6
98,McGill0013,0.316227766016838,1,Flopart,train,6,0,4,0,6
98,McGill0013,0.316227766016838,1,FPOP,train,6,6,4,0,6
98,McGill0013,0.316227766016838,1,Flopart,test,7,7,3,0,7
98,McGill0013,0.316227766016838,1,FPOP,test,7,7,3,0,7
98,McGill0013,0.316227766016838,2,Flopart,train,7,0,3,0,7
98,McGill0013,0.316227766016838,2,FPOP,train,7,7,3,0,7
98,McGill0013,0.316227766016838,2,Flopart,test,6,6,4,0,6
98,McGill0013,0.316227766016838,2,FPOP,test,6,6,4,0,6
98,McGill0013,1,1,Flopart,train,6,0,4,0,6
98,McGill0013,1,1,FPOP,train,6,6,4,0,6
98,McGill0013,1,1,Flopart,test,7,7,3,0,7
98,McGill0013,1,1,FPOP,test,7,7,3,0,7
98,McGill0013,1,2,Flopart,train,7,0,3,0,7
98,McGill0013,1,2,FPOP,train,7,7,3,0,7
98,McGill0013,1,2,Flopart,test,6,6,4,0,6
98,McGill0013,1,2,FPOP,test,6,6,4,0,6
98,McGill0013,3.16227766016838,1,Flopart,train,6,0,4,0,6
98,McGill0013,3.16227766016838,1,FPOP,train,6,6,4,0,6
98,McGill0013,3.16227766016838,1,Flopart,test,7,7,3,0,7
98,McGill0013,3.16227766016838,1,FPOP,test,7,7,3,0,7
98,McGill0013,3.16227766016838,2,Flopart,train,7,0,3,0,7
98,McGill0013,3.16227766016838,2,FPOP,train,7,7,3,0,7
98,McGill0013,3.16227766016838,2,Flopart,test,6,6,4,0,6
98,McGill0013,3.16227766016838,2,FPOP,test,6,6,4,0,6
98,McGill0013,10,1,Flopart,train,6,0,4,0,6
98,McGill0013,10,1,FPOP,train,6,6,4,0,6
98,McGill0013,10,1,Flopart,test,7,7,3,0,7
98,McGill0013,10,1,FPOP,test,7,7,3,0,7
98,McGill0013,10,2,Flopart,train,7,0,3,0,7
98,McGill0013,10,2,FPOP,train,7,7,3,0,7
98,McGill0013,10,2,Flopart,test,6,6,4,0,6
98,McGill0013,10,2,FPOP,test,6,6,4,0,6
98,McGill0013,31.6227766016838,1,Flopart,train,6,0,4,0,6
98,McGill0013,31.6227766016838,1,FPOP,train,6,6,4,0,6
98,McGill0013,31.6227766016838,1,Flopart,test,7,7,3,0,7
98,McGill0013,31.6227766016838,1,FPOP,test,7,7,3,0,7
98,McGill0013,31.6227766016838,2,Flopart,train,7,0,3,0,7
98,McGill0013,31.6227766016838,2,FPOP,train,7,7,3,0,7
98,McGill0013,31.6227766016838,2,Flopart,test,6,6,4,0,6
98,McGill0013,31.6227766016838,2,FPOP,test,6,6,4,0,6
98,McGill0013,100,1,Flopart,train,6,0,4,0,6
98,McGill0013,100,1,FPOP,train,6,6,4,0,6
98,McGill0013,100,1,Flopart,test,7,7,3,0,7
98,McGill0013,100,1,FPOP,test,7,7,3,0,7
98,McGill0013,100,2,Flopart,train,7,0,3,0,7
98,McGill0013,100,2,FPOP,train,7,7,3,0,7
98,McGill0013,100,2,Flopart,test,6,6,4,0,6
98,McGill0013,100,2,FPOP,test,6,6,4,0,6
98,McGill0013,316.227766016838,1,Flopart,train,6,0,4,0,6
98,McGill0013,316.227766016838,1,FPOP,train,6,6,4,0,6
98,McGill0013,316.227766016838,1,Flopart,test,7,6,3,0,7
98,McGill0013,316.227766016838,1,FPOP,test,7,7,3,0,7
98,McGill0013,316.227766016838,2,Flopart,train,7,0,3,0,7
98,McGill0013,316.227766016838,2,FPOP,train,7,7,3,0,7
98,McGill0013,316.227766016838,2,Flopart,test,6,6,4,0,6
98,McGill0013,316.227766016838,2,FPOP,test,6,6,4,0,6
98,McGill0013,1000,1,Flopart,train,6,0,4,0,6
98,McGill0013,1000,1,FPOP,train,6,6,4,0,6
98,McGill0013,1000,1,Flopart,test,7,5,3,0,7
98,McGill0013,1000,1,FPOP,test,7,6,3,0,7
98,McGill0013,1000,2,Flopart,train,7,0,3,0,7
98,McGill0013,1000,2,FPOP,train,7,6,3,0,7
98,McGill0013,1000,2,Flopart,test,6,4,4,0,6
98,McGill0013,1000,2,FPOP,test,6,6,4,0,6
98,McGill0013,3162.27766016838,1,Flopart,train,6,0,4,0,6
98,McGill0013,3162.27766016838,1,FPOP,train,6,4,4,0,6
98,McGill0013,3162.27766016838,1,Flopart,test,7,1,3,0,7
98,McGill0013,3162.27766016838,1,FPOP,test,7,3,3,0,7
98,McGill0013,3162.27766016838,2,Flopart,train,7,0,3,0,7
98,McGill0013,3162.27766016838,2,FPOP,train,7,3,3,0,7
98,McGill0013,3162.27766016838,2,Flopart,test,6,0,4,0,6
98,McGill0013,3162.27766016838,2,FPOP,test,6,4,4,0,6
98,McGill0013,10000,1,Flopart,train,6,0,4,0,6
98,McGill0013,10000,1,FPOP,train,6,0,4,0,6
98,McGill0013,10000,1,Flopart,test,7,0,3,0,7
98,McGill0013,10000,1,FPOP,test,7,1,3,0,7
98,McGill0013,10000,2,Flopart,train,7,0,3,0,7
98,McGill0013,10000,2,FPOP,train,7,1,3,0,7
98,McGill0013,10000,2,Flopart,test,6,0,4,0,6
98,McGill0013,10000,2,FPOP,test,6,0,4,0,6
98,McGill0013,31622.7766016838,1,Flopart,train,6,0,4,0,6
98,McGill0013,31622.7766016838,1,FPOP,train,6,0,4,0,6
98,McGill0013,31622.7766016838,1,Flopart,test,7,0,3,0,7
98,McGill0013,31622.7766016838,1,FPOP,test,7,0,3,0,7
98,McGill0013,31622.7766016838,2,Flopart,train,7,0,3,0,7
98,McGill0013,31622.7766016838,2,FPOP,train,7,0,3,0,7
98,McGill0013,31622.7766016838,2,Flopart,test,6,0,4,0,6
98,McGill0013,31622.7766016838,2,FPOP,test,6,0,4,0,6
98,McGill0013,1e+05,1,Flopart,train,6,0,4,0,6
98,McGill0013,1e+05,1,FPOP,train,6,0,4,0,6
98,McGill0013,1e+05,1,Flopart,test,7,0,3,0,7
98,McGill0013,1e+05,1,FPOP,test,7,0,3,0,7
98,McGill0013,1e+05,2,Flopart,train,7,0,3,0,7
98,McGill0013,1e+05,2,FPOP,train,7,0,3,0,7
98,McGill0013,1e+05,2,Flopart,test,6,0,4,0,6
98,McGill0013,1e+05,2,FPOP,test,6,0,4,0,6
